,AF3 Mean,AF3 Peak_to_Peak_Time,AF3 Peak_to_Peak_Slope,AF3 Mobility,AF3 LAR,AF3 Beta_Power,AF3 Gamma_Power,AF4 Mean,AF4 Peak_to_Peak_Time,AF4 Peak_to_Peak_Slope,AF4 Mobility,AF4 LAR,AF4 Beta_Power,AF4 Gamma_Power,F7 Mean,F7 Peak_to_Peak_Time,F7 Peak_to_Peak_Slope,F7 Mobility,F7 LAR,F7 Beta_Power,F7 Gamma_Power,F3 Mean,F3 Peak_to_Peak_Time,F3 Peak_to_Peak_Slope,F3 Mobility,F3 LAR,F3 Beta_Power,F3 Gamma_Power,F4 Mean,F4 Peak_to_Peak_Time,F4 Peak_to_Peak_Slope,F4 Mobility,F4 LAR,F4 Beta_Power,F4 Gamma_Power,F8 Mean,F8 Peak_to_Peak_Time,F8 Peak_to_Peak_Slope,F8 Mobility,F8 LAR,F8 Beta_Power,F8 Gamma_Power,FC5 Mean,FC5 Peak_to_Peak_Time,FC5 Peak_to_Peak_Slope,FC5 Mobility,FC5 LAR,FC5 Beta_Power,FC5 Gamma_Power,FC6 Mean,FC6 Peak_to_Peak_Time,FC6 Peak_to_Peak_Slope,FC6 Mobility,FC6 LAR,FC6 Beta_Power,FC6 Gamma_Power,label
0,7.33979206302138e-08,-1.26052952964528e-07,1.42208463671523e-07,-4.78682089521953e-08,-2.10620115126403e-07,4.53152381396649e-07,2.77635592738079e-07,5.62451454300117e-08,31454.0,0.0036020309198647,2145.0,0.0751418769359589,42.0,12.7882804870605,869.0,0.246507287025452,1501.0,0.702081918716431,16913.0,0.0101676918566227,51.0,5.88796091079712,19173.0,0.0093050999566912,0.760470330715179,0.674445271492004,0.555002868175507,0.696847021579742,0.355572104454041,0.752437949180603,0.669192552566528,0.779083132743835,67.4095993041992,21.0977954864502,2.39974403381348,56.8634223937988,68.9808807373047,234.299468994141,231.422576904297,315.278472900391,553390.0,108827.640625,511607.84375,132642.40625,670693.9375,113044.25,932647.0,140773.28125,828870.1875,185554.90625,1159056.125,143361.625,1198284.75,142783.0,1396353.25,77356.4296875,1
0,-2.71253171035823e-08,5.98352585257089e-08,-9.57364179043907e-08,6.22286719931253e-08,-6.382427919504611e-09,6.22286719931253e-08,5.90374575892838e-08,3.1912139597523e-09,22031.0,0.0038533329498022,21679.0,0.0053147091530263,20.0,13.3152713775635,2086.0,0.0579724386334419,27518.0,0.0058112130500376,982.0,0.114382915198803,1002.0,0.161471322178841,44.0,2.95531010627747,0.922861516475677,0.744117438793182,0.679347634315491,0.776369750499725,0.804381430149078,0.892746150493622,0.780127942562103,0.88529497385025,759.340026855469,483.645721435547,71.0829315185547,354.317352294922,526.5068359375,413.331329345703,358.7861328125,473.109039306641,323900.875,235484.375,264573.125,141012.734375,354420.84375,178924.484375,704306.3125,141160.375,701691.0,133540.03125,1227631.25,136760.34375,1210801.5,139103.15625,1232886.375,115475.8125,2
0,-3.55022535813987e-08,-7.02067026736586e-08,1.5956069798761502e-09,3.98901747189484e-08,3.38268677069209e-07,-3.59011558259681e-08,2.71253185246678e-07,3.01569713201388e-07,21291.0,0.005189798772335,5145.0,0.0210512764751911,39.0,13.5026178359985,74.0,1.76743173599243,5288.0,0.189812943339348,106.0,2.17400789260864,128.0,1.1749439239502,3443.0,0.042685866355896,0.819254279136658,0.834027647972107,0.571162104606628,0.773238658905029,0.376264780759811,0.805195331573486,0.822884500026703,0.934608936309814,537.818115234375,176.612411499023,57.4911689758301,57.3464546203613,42.8880653381348,272.922698974609,51.3325386047363,62.4269790649414,274132.3125,146732.46875,193836.90625,174000.171875,277688.3125,123955.7578125,582014.9375,102769.4296875,746272.5,110204.8125,1124631.125,126244.2265625,1035711.0,119043.9375,886021.9375,179330.3125,3
0,9.39413595801852e-08,2.79231215927211e-08,-7.41957251193526e-08,1.08501268414329e-07,-3.66989603151069e-08,4.46769945483538e-08,-1.9386624217077e-07,6.70154918225307e-08,6727.0,0.0198406092822552,15870.0,0.0081087071448564,19524.0,0.0052510695531964,858.0,0.150857001543045,5674.0,0.0303464364260435,1004.0,0.134578570723534,82.0,1.82537806034088,29529.0,0.0037409565411508,0.843079268932343,0.922010540962219,0.865936160087585,0.841853082180023,0.80897581577301,0.911554396152496,0.809222400188446,0.934787273406982,442.296417236328,19.0772933959961,787.404907226562,43.0418434143066,75.5873260498047,15.3719425201416,33.0601959228516,646.09033203125,237673.15625,320698.03125,242429.03125,255846.1875,218717.65625,262410.71875,486626.5625,329064.34375,669484.75,244529.125,1032474.4375,153863.28125,939756.5,191510.921875,1116081.375,93021.40625,4
0,-5.14583220478926e-08,7.03064273466225e-08,-1.69134338534604e-07,-1.13288095349162e-07,4.98627166223287e-08,2.52105905929056e-07,7.81847404596192e-08,9.09495980749853e-08,19837.0,0.0092494310811162,146.0,0.945715069770813,5129.0,0.0262739155441523,25287.0,0.0072486861608922,23173.0,0.0071315895766019,4388.0,0.0390801355242729,11963.0,0.0146681871265173,24551.0,0.0069333151914179,0.783061802387238,0.867547154426575,0.884757041931152,0.79699319601059,0.862195372581482,0.721314013004303,0.823643624782562,0.74434232711792,69.5354385375977,92.0320434570312,168.651138305664,8.14342498779297,319.511108398438,8.36187267303467,9.84126949310303,69.7274856567383,1191013.0,123809.265625,990488.75,236788.4375,925061.6875,270933.9375,1406925.5,172220.734375,1070631.75,165720.0,1285332.5,191378.125,1151843.5,218715.09375,1254113.75,115823.7265625,1
0,-1.98653069105603e-07,-1.22861735007973e-07,1.75317310890932e-07,4.16852294904402e-08,-9.09495980749853e-08,1.02019114933682e-07,-1.21266126029695e-07,-1.34878646917969e-07,20.0,7.73379373550415,11829.0,0.0129586514085531,11613.0,0.0139839118346572,17275.0,0.0102729871869087,710.0,0.236405342817307,13029.0,0.0160775817930698,10140.0,0.0178814325481653,15.0,10.9355592727661,0.808039724826813,0.960253357887268,0.980809271335602,0.778926372528076,0.952976405620575,0.737967491149902,0.855311691761017,0.770407855510712,311.986206054688,610.9384765625,392.599456787109,197.346633911133,378.663330078125,175.856033325195,225.723037719727,305.264038085938,1570698.25,57687.609375,1078054.625,205041.875,1045778.1875,244731.828125,1411718.25,182649.03125,1027929.375,191141.0,1405743.625,201708.875,1253602.875,214872.78125,1558480.625,63009.51953125,2
0,1.85090399895671e-07,-1.64995725526751e-07,-1.58762887281227e-07,1.01719940914791e-07,-1.49987045006128e-07,-6.54198828442532e-08,5.74418486110062e-08,2.33357511092436e-07,2205.0,0.0492273718118668,2637.0,0.0542052835226059,16246.0,0.0098463986068964,4734.0,0.0593730509281158,3952.0,0.0350936725735664,4734.0,0.0564046502113342,4739.0,0.0359177403151989,20706.0,0.0052928342483937,0.921826183795929,0.921447277069092,0.90057247877121,0.796159207820892,0.915267467498779,0.762115716934204,0.843137383460999,0.886596441268921,297.167633056641,196.662414550781,422.788848876953,34.4297752380371,488.238861083984,35.5829124450684,54.8656387329102,284.766265869141,1569688.0,43282.94140625,1121841.0,201965.609375,1089417.625,198018.515625,1487694.0,181982.25,1067279.75,210042.625,1389410.75,205487.9375,1333507.625,216109.875,1564660.0,49875.2578125,3
0,-1.74718962853149e-07,-4.54747990374926e-08,-1.49987045006128e-07,-1.28446359326517e-07,-1.7551676023686e-07,1.65943120578049e-07,2.71253185246678e-07,-1.62751902621494e-07,20403.0,0.0083927530795335,9648.0,0.0220379512757063,8816.0,0.0128237465396523,1695.0,0.165414243936539,41.0,2.88236117362976,1694.0,0.172613114118576,13266.0,0.0193002168089151,28715.0,0.0060477955266833,0.691720008850098,0.799627423286438,0.920768737792969,0.627928853034973,0.913954198360443,0.625719249248505,0.765986144542694,0.668310463428497,202.061325073242,45.064266204834,100.130699157715,32.6785011291504,312.692169189453,31.0950126647949,35.937126159668,100.49242401123,1188233.625,119199.046875,1158805.375,216259.625,977306.4375,262930.15625,1368276.5,206943.8125,1068593.875,182616.53125,1399484.75,191767.3125,1311844.25,232785.625,1274697.0,102622.734375,4
0,2.97281502525948e-07,7.4993522503064e-08,-4.14857801445123e-08,-7.04061591250138e-08,2.23783871433625e-07,2.32160815016869e-07,-1.11692486370885e-08,9.09495980749853e-08,20.0,10.2750625610352,31.0,8.07613277435303,18846.0,0.0161187797784805,41.0,4.71590948104858,13125.0,0.0115933082997799,100.0,3.94271922111511,4580.0,0.0441246181726456,8240.0,0.0263783615082502,0.719021916389465,0.829713881015778,0.750544369220734,0.851024031639099,0.809712588787079,0.595127701759338,0.839934706687927,0.747398912906647,293.64453125,28.1122493743896,143.49430847168,58.9661140441895,74.6408462524414,21.093921661377,46.3788070678711,251.623184204102,1080469.375,232727.609375,923506.1875,172262.328125,898856.3125,191494.109375,941042.625,341401.0,966144.25,201975.84375,1515158.875,192998.671875,1209191.25,198116.046875,1305420.25,236276.234375,1
0,1.12141250951936e-07,1.91472828703354e-08,4.46769945483538e-08,2.87209243055031e-08,1.02118846712074e-07,-2.68061967290123e-07,-7.98800741108607e-08,8.77583801184301e-08,18871.0,0.0114452559500933,174.0,1.10228931903839,84.0,2.41240429878235,29865.0,0.0052589168772101,12560.0,0.0134511571377516,105.0,3.78654861450195,68.0,3.08057904243469,15778.0,0.0130896521732211,0.75934374332428,0.963081836700439,0.796439588069916,0.942589998245239,0.844983041286469,0.600298047065735,0.823846518993378,0.81342875957489,27.0312461853027,23.2493209838867,24.6554107666016,34.8429794311523,487.419097900391,9.66831970214844,20.9249401092529,68.3858337402344,1015574.875,129951.0546875,761340.875,133915.4375,847538.5,165644.71875,1114099.75,198432.625,997200.1875,140375.90625,1696149.625,119579.3515625,970315.6875,236208.46875,1283031.75,147233.0625,2
0,8.1375951310747e-08,1.29244156710229e-07,-9.5736414351677e-09,2.88804841375168e-07,-2.69657562057546e-07,-2.11417923168256e-08,3.23110413091854e-07,-1.02118846712074e-07,20.0,7.34200286865234,7016.0,0.0154556399211287,42.0,2.41780042648315,1101.0,0.119127623736858,27308.0,0.0040909987874329,65.0,5.34247303009033,2256.0,0.0530149973928928,5336.0,0.0218213386833668,0.897726833820343,0.907772898674011,0.921882331371307,0.922643423080444,0.88547158241272,0.680920958518982,0.946762561798096,1.07262814044952,589.961059570312,454.564361572266,208.144165039062,69.8111953735352,496.044616699219,49.4572105407715,167.88542175293,92.8575592041016,531303.75,72940.09375,1162628.25,170353.59375,1499766.25,123567.3828125,1363711.125,167651.84375,930138.25,204556.1875,1602600.75,123758.5703125,1107377.0,177394.40625,1142339.5,77434.3125,3
0,-1.98503471438016e-07,-3.37470879685497e-07,1.89478317480507e-08,-3.15132382411321e-08,1.62751902621494e-07,-5.26550287816008e-08,8.37693647781634e-08,-2.23384972741769e-08,36738.0,0.0057434947229921,30.0,8.37528800964355,115.0,1.43546223640442,23939.0,0.0081859426572918,33.0,11.1131238937378,1113.0,0.669849157333374,2162.0,0.0809681788086891,2956.0,0.0417634807527065,0.900247991085052,0.731197714805603,0.72790139913559,0.701876521110535,0.734871685504913,0.344154745340347,0.822374403476715,0.985266804695129,9.45640659332275,40.8446655273438,9.16541385650635,248.159042358398,16.7371215820312,8.7184476852417,12.5781784057617,11.4816427230835,494127.96875,60715.6640625,1224509.125,105179.0,881443.3125,78020.0390625,1208455.375,129761.484375,1042287.4375,93567.359375,1190924.75,161197.390625,1083144.25,151901.953125,976487.75,66939.203125,4
0,-7.77858346623361e-08,-4.2483033979579e-08,2.35352022315283e-08,-1.00124331936513e-07,1.95461851149048e-07,-2.04237693424147e-07,-8.77583801184301e-08,-4.65717775455232e-08,30720.0,0.0038641721475869,30721.0,0.003351905150339,30639.0,0.0034042021725326,6627.0,0.0163864511996508,31703.0,0.0057688965462148,706.0,0.282920867204666,5334.0,0.026582658290863,6058.0,0.016791133210063,1.04631721973419,1.03103852272034,1.07369720935822,1.07393419742584,0.746184289455414,0.749453544616699,0.824343621730804,1.0625741481781,122.292152404785,117.554145812988,152.375701904297,768.943420410156,2.24517917633057,10.5394983291626,3.19706606864929,800.166809082031,403474.78125,61463.7890625,849732.0,103152.4375,561520.75,78453.703125,568863.375,86584.265625,1300192.375,171758.40625,1175565.25,199827.828125,1242179.25,193011.21875,619404.5,98405.421875,1
0,-2.49313591993428e-09,1.50784856600694e-07,2.11417923168256e-08,-8.73594814265743e-08,1.58762887281227e-07,-1.91472835808781e-07,1.18872719667706e-07,-8.09770526188913e-08,41.0,3.20988726615906,36.0,2.73532938957214,17923.0,0.0098329512402415,32.0,7.24188566207886,24886.0,0.0101246489211917,2338.0,0.0714862868189812,35230.0,0.0049303704872727,31.0,3.94360852241516,1.01419150829315,1.03382074832916,0.991414189338684,0.944587647914886,0.782483041286469,0.780322432518005,0.922918498516083,1.07830417156219,206.031936645508,223.266067504883,316.089202880859,88.8065795898438,205.834747314453,29.2599601745605,30.161714553833,165.576889038086,360045.4375,37109.40234375,996293.0,68259.734375,645217.4375,46676.5625,352527.125,37287.21484375,1411496.5,116745.953125,1168815.125,157749.21875,1356045.625,120308.015625,645873.5,52083.09375,2
0,-2.23384972741769e-08,4.62725999739177e-08,7.97803494378968e-08,-5.15705131931554e-08,-1.28446359326517e-07,2.11916542980362e-07,5.50484386963035e-08,1.63549707110633e-08,23676.0,0.0041908044368028,4760.0,0.0150585398077965,413.0,0.198623031377792,47.0,1.88624227046967,31.0,6.45626020431519,30611.0,0.0071778870187699,37.0,5.52585506439209,15904.0,0.0047149532474577,1.16717410087585,1.09008765220642,1.13373816013336,1.2791393995285,0.812716484069824,0.764107823371887,0.871621310710907,1.08642303943634,136.30810546875,870.802429199219,834.10791015625,862.107421875,358.627075195312,57.3462791442871,392.114288330078,1031.16528320312,194655.03125,35332.8125,512855.1875,64248.03125,376944.15625,69871.984375,197088.96875,27627.0078125,839317.8125,167983.84375,1590577.75,147108.546875,972838.125,154478.78125,381160.25,68480.671875,3
0,1.15581777038187e-07,1.88481067198154e-07,4.62725999739177e-08,-7.33979206302138e-08,-8.775837834207321e-09,-1.97954985736715e-08,1.3850616653599e-07,-6.9807803981802904e-09,5688.0,0.0172073449939489,489.0,0.191892385482788,14257.0,0.0086938450112938,68.0,2.04664039611816,28150.0,0.0068203536793589,105.0,2.33230113983154,12396.0,0.0140612963587046,5099.0,0.0195955224335194,0.942469000816345,0.988911390304565,0.955766141414642,0.894608020782471,0.670909881591797,0.660580515861511,0.737155854701996,0.972939789295197,532.203979492188,774.451171875,454.944976806641,251.447387695312,6.23421907424927,46.8970222473145,208.543197631836,558.582641601562,408693.4375,66086.15625,894499.125,82351.21875,806878.25,81124.9296875,386231.8125,57653.6328125,1374559.75,113703.0,1504788.5,92801.0625,1450900.0,104676.546875,686374.8125,83201.765625,4
0,-5.85886930082324e-08,7.180231076375781e-09,-8.09770526188913e-08,-7.02067026736586e-08,4.66715022184871e-08,-5.50484386963035e-08,1.69134338534604e-07,7.97803489938076e-10,29.0,9.15865135192871,23946.0,0.0109907584264874,71.0,10.7296295166016,80.0,11.1156206130981,9424.0,0.0968009382486343,5788.0,0.127618327736855,44.0,11.9720726013184,22477.0,0.0134646771475673,0.566149652004242,0.451229393482208,0.116052128374577,0.203575789928436,0.0984625518321991,0.234667703509331,0.263281404972076,0.31481808423996,158.834243774414,226.532089233398,44.5509338378906,24.4251251220703,43.2275733947754,14.1518259048462,31.6417407989502,135.679244995117,96636.5546875,27911.111328125,68883.9609375,48497.0546875,89121.25,40420.984375,178792.140625,65098.54296875,110981.5,58729.68359375,229289.765625,90702.2578125,91641.1328125,54228.578125,56619.99609375,38931.08203125,1
0,-7.10045071627974e-08,-4.98627166223287e-08,1.91472828703354e-08,1.59560684664939e-08,1.55571679982813e-08,-1.43604621527516e-08,4.54747990374926e-08,-9.73320197772409e-08,8678.0,0.0113278524950147,57.0,4.89963960647583,8783.0,0.0180016532540321,6617.0,0.0358256287872791,13254.0,0.0395058803260326,120.0,4.36336612701416,8676.0,0.0179662350565195,24743.0,0.0052250428125262,1.01404762268066,0.442730814218521,0.43052926659584,0.497856140136719,0.163179785013199,0.303339302539825,0.504641473293304,0.645176410675049,185.836059570312,240.471694946289,2.41365385055542,26.7929954528809,74.4970932006836,2.43385982513428,132.28662109375,16.8826026916504,88844.828125,24625.98828125,66467.9453125,41839.32421875,74896.0625,30418.56640625,173724.625,63035.59375,78502.1875,41717.21875,213264.59375,93040.578125,85250.6171875,41333.90625,40459.5,29355.06640625,2
0,-1.11692486370885e-08,-8.5364973756441e-08,-3.0665570083243702e-09,-1.1209138506274e-07,9.89276287555185e-08,-2.89602667180588e-07,2.31362999869589e-08,1.37621096740759e-08,14023.0,0.0090176621451973,1733.0,0.289157092571259,96.0,8.93141174316406,75.0,11.9792718887329,52.0,13.4822483062744,57.0,12.8844680786133,13218.0,0.0122927268967032,16072.0,0.02018216624856,0.894050598144531,0.287311196327209,0.167329922318459,0.154795333743095,0.138303205370903,0.187789991497993,0.523572444915771,0.343572467565536,203.977981567383,58.7255439758301,30.5856800079346,37.6004486083984,17.7784767150879,30.3334121704102,10.7252340316772,0.594740629196167,70943.1875,29127.6484375,63816.484375,41784.5546875,94295.4609375,45575.8359375,191408.546875,73223.265625,112096.8515625,59961.4296875,259094.09375,106232.3046875,130776.03125,88056.3359375,45534.96875,36777.8125,3
0,-2.71253171035823e-08,-6.78132963116695e-08,1.11692486370885e-07,-6.70154918225307e-08,-1.54773871940961e-07,-7.27995654870028e-08,5.584624318544231e-09,9.9725436797371e-09,12042.0,0.01746422983706,44.0,12.9771308898926,4277.0,0.203972563147545,82.0,13.2379446029663,74.0,10.4551725387573,67.0,11.7860803604126,31.0,8.56152534484863,148.0,0.879869222640991,0.91975998878479,0.219039395451546,0.107501238584518,0.124120056629181,0.121069312095642,0.209769636392593,0.459542006254196,0.675192832946777,9.1118335723877,22.6043815612793,25.2077312469482,24.3345031738281,17.7824440002441,7.86134147644043,95.0564804077148,113.606307983398,67111.1953125,48454.12109375,58196.765625,44982.75,79093.265625,36917.94921875,157974.828125,64242.30859375,85850.203125,53289.8984375,216536.3125,99181.109375,88076.46875,53728.0234375,51967.3828125,42524.1796875,4
0,7.37968193220695e-08,1.67538729556327e-08,1.71926643588449e-07,-9.5736414351677e-09,-1.11692486370885e-07,-4.12863307985845e-08,-4.786820717583851e-09,1.45599132750363e-08,4771.0,0.0253847669810057,29604.0,0.0079893730580806,1853.0,0.406096756458282,24247.0,0.0024601155892014,22960.0,0.0061187748797237,11092.0,0.0248350407928228,680.0,0.109832160174847,26912.0,0.0027782777324318,0.51455944776535,0.348190367221832,0.0888124778866768,0.626859605312347,0.476765602827072,0.35852062702179,0.655225515365601,0.705884039402008,2.51360392570496,239.213851928711,68.9041290283203,921.806274414062,475.036254882812,222.38737487793,1081.02990722656,320.267456054688,81649.9375,42246.359375,126772.296875,60193.21875,55219.37890625,34843.2421875,59362.1796875,28868.02734375,87634.84375,47980.53515625,72904.625,41697.04296875,63551.4765625,46163.0625,38994.19140625,28385.7890625,1
0,5.74418486110062e-08,-8.29715602890246e-08,6.382427919504611e-09,3.90923702298096e-08,3.1912139597523e-09,-8.09770526188913e-08,-4.786820717583851e-09,-6.54198828442532e-08,694.0,0.189719125628471,43.0,11.7593145370483,11330.0,0.0388627424836159,184.0,0.66309916973114,25639.0,0.009153077378869,32520.0,0.0333271771669388,401.0,0.311364203691483,38.0,11.9152326583862,0.501271486282349,0.281229823827744,0.106238752603531,0.610651016235352,0.381743252277374,0.164363577961922,0.5710369348526,0.342901080846786,90.6517868041992,115.791763305664,16.5346450805664,228.38346862793,288.288360595703,65.2387237548828,157.596405029297,86.6187057495117,83810.7265625,47852.4609375,147100.015625,73771.265625,64116.06640625,41111.328125,64606.4921875,37080.6484375,73308.5390625,44990.265625,171069.390625,79229.59375,54138.21875,39847.2734375,42873.51171875,33850.55078125,2
0,-1.42358054233682e-08,-1.1647930620029e-07,1.70729947512882e-07,3.53028042354708e-08,-5.58462431854423e-08,-2.08226708764414e-07,3.03165315074239e-08,-5.70429463664368e-08,3774.0,0.0785370022058487,37.0,14.0928430557251,491.0,0.846165776252747,28.0,13.1223163604736,1880.0,0.129950523376465,103.0,7.18222618103027,12746.0,0.0319654643535614,18849.0,0.0112681332975626,0.280037075281143,0.23875792324543,0.174783512949944,0.280161142349243,0.266812890768051,0.20060732960701,0.176066488027573,0.311639487743378,216.227890014648,52.6280975341797,71.1282196044922,164.495590209961,131.100158691406,25.4881954193115,86.8151092529297,153.380844116211,98303.84375,52599.96875,167347.328125,90371.359375,74283.453125,43014.96875,75485.28125,45024.64453125,117972.65625,63870.6796875,203009.375,92330.4921875,96267.953125,57726.14453125,68845.1796875,47032.875,3
0,2.5130809433449e-08,-6.382427919504611e-09,9.89276287555185e-08,-3.989017116623471e-09,3.11143359965627e-08,-1.02916644095785e-07,5.30539310261702e-08,2.06431653992922e-08,61.0,5.5010404586792,6777.0,0.0386467985808849,190.0,5.48063373565674,1615.0,0.105596318840981,43.0,5.29946422576904,58.0,4.12416458129883,13396.0,0.0270180627703667,1552.0,0.221346169710159,0.199593588709831,0.285176545381546,0.129703849554062,0.307634562253952,0.282204329967499,0.265147417783737,0.182784304022789,0.23097987473011,177.964920043945,161.49934387207,59.9009437561035,242.238265991211,226.243103027344,36.0124626159668,297.003570556641,199.498428344727,80388.140625,42856.03125,112285.8359375,58348.34375,64834.375,40773.34765625,59984.80859375,35561.6953125,86386.046875,48836.97265625,144622.8125,70263.0390625,75151.421875,46344.8984375,61148.21484375,41434.078125,4
0,-1.32435374666784e-07,-7.41957251193526e-08,-1.07304565233335e-07,-8.29715602890246e-08,1.00922136425652e-07,1.19670522380488e-08,3.51033513368293e-08,-2.73347410484348e-07,32.0,6.93559169769287,54.0,9.05481338500977,47.0,7.58845090866089,1099.0,0.216802880167961,5288.0,0.0324021317064762,5232.0,0.044153731316328,9127.0,0.0133599853143096,1063.0,0.161354243755341,0.341908812522888,0.239046201109886,0.15793214738369,0.210961729288101,0.27923583984375,0.22600319981575,0.386344909667969,0.2230354398489,67.4857940673828,61.0749893188477,135.060394287109,77.2157516479492,70.9523239135742,91.6818923950195,151.414016723633,113.989219665527,118911.03125,42100.9453125,58511.0625,35284.3203125,60805.4765625,35873.33203125,58822.97265625,36117.3828125,60293.4375,37603.7109375,59781.109375,35824.015625,59992.31640625,35542.6875,84826.953125,41799.34375,1
0,1.12490290860023e-07,1.11692486370885e-08,-6.14308675039865e-08,9.37419102342574e-08,-3.51033513368293e-08,-7.85836391514749e-08,3.51033513368293e-08,3.91721499681807e-07,4643.0,0.0478627160191536,1506.0,0.0553314201533794,12733.0,0.023007545620203,1434.0,0.1618742197752,276.0,0.506602644920349,8521.0,0.0197431072592735,624.0,0.410566180944443,3478.0,0.0595590136945248,0.373544603586197,0.447977840900421,0.172538578510284,0.191107615828514,0.405291080474854,0.263464361429214,0.314634442329407,0.214518710970879,451.989715576172,696.575317382812,67.9834442138672,361.883605957031,340.276519775391,329.803009033203,169.903289794922,242.932861328125,122695.9375,39032.5625,49145.9375,29503.99609375,58322.7734375,33416.34375,67852.453125,33595.97265625,54041.86328125,32539.8984375,73042.7109375,39880.375,64491.28125,34496.78515625,121285.140625,49018.1796875,2
0,-8.77583801184301e-08,-1.83494801575534e-08,2.66466344100991e-07,7.2001760997864e-08,-6.46220783551144e-08,5.1857224292462e-08,1.04312803728135e-07,1.14883697222012e-07,16771.0,0.0082326177507638,158.0,0.579694926738739,176.0,5.35452222824097,24334.0,0.0244075637310743,39.0,12.4527082443237,99.0,8.72801971435547,20.0,10.9593944549561,24.0,13.9683303833008,0.374501556158066,0.465282618999481,0.119859933853149,0.179814234375954,0.320148497819901,0.181443810462952,0.411955326795578,0.244164749979973,385.669982910156,156.641418457031,61.6600189208984,23.3328189849854,26.3911170959473,17.3659000396729,301.122467041016,82.9369888305664,126712.3046875,37727.81640625,48956.890625,28973.359375,61487.53125,34199.4296875,80141.6875,34581.1484375,59061.43359375,33899.90625,75179.78125,38775.00390625,77097.53125,36662.1953125,115283.03125,39231.87890625,3
0,-3.43064456842512e-08,-6.98096300766338e-08,-7.26020132901795e-08,-8.23753580903031e-08,8.69628493660457e-08,-2.19401687928666e-08,-2.54805136989944e-08,-1.75521350342933e-07,8289.0,0.0160856861621141,40.0,10.3060522079468,167.0,5.96895694732666,58.0,2.24881982803345,35160.0,0.0018517295829951,154.0,5.51583623886108,12537.0,0.0099270967766642,24543.0,0.006782229989767,0.450774520635605,0.33276492357254,0.0942548587918282,0.523454248905182,0.586023330688477,0.175146043300629,0.449188143014908,0.273468852043152,192.953582763672,100.465858459473,14.0593194961548,1011.43194580078,1041.72387695312,63.8243942260742,440.770538330078,71.6410751342773,125552.3359375,42002.046875,49064.703125,30608.2421875,57043.5859375,32084.65625,82463.3203125,35259.5859375,52239.375,31992.470703125,72253.6328125,41093.5390625,65058.8359375,36036.27734375,110040.546875,48489.58203125,4
0,-1.51981566887116e-07,3.70978625596763e-08,2.23384972741769e-08,-8.775837834207321e-09,-2.07428900722562e-08,2.12215724104681e-07,3.19121369329878e-08,7.45946238112083e-08,13163.0,0.0168719850480556,13339.0,0.0125572551041842,29458.0,0.0100437048822641,1027.0,0.439529985189438,64.0,4.16861534118652,30841.0,0.0079516051337122,124.0,1.42626261711121,27085.0,0.0081743085756897,0.36986169219017,0.367556780576706,0.35441979765892,0.271257400512695,0.550955653190613,0.284727543592453,0.578208565711975,0.289374709129333,95.2460861206055,130.579727172852,21.0973949432373,24.846700668335,148.502365112305,268.209533691406,415.242950439453,85.9321136474609,159361.5625,125364.875,94140.28125,51906.5625,159710.59375,135494.796875,90067.703125,63284.8984375,295691.25,224684.765625,131077.46875,80935.53125,223504.28125,194315.0,111695.984375,79849.296875,1
0,2.06631099786136e-07,-1.32435374666784e-07,-1.91472828703354e-08,-1.3283427335864e-07,2.63275143908004e-08,2.23384972741769e-08,-3.19121369329878e-08,2.42532252059391e-07,53.0,6.96247386932373,44.0,4.49285793304443,52.0,4.71907043457031,19.0,12.497483253479,72.0,7.34836483001709,6138.0,0.121660359203815,109.0,2.03881573677063,13021.0,0.0160910282284021,0.35067892074585,0.346654415130615,0.339466333389282,0.334336459636688,0.428725451231003,0.212190479040146,0.571208298206329,0.296454668045044,41.7726211547852,235.783325195312,186.150100708008,57.5009536743164,31.6378383636475,20.8825817108154,109.983924865723,141.728591918945,122165.265625,79763.71875,91626.328125,49358.8515625,98080.71875,74517.875,71843.0859375,51535.078125,245029.03125,209551.90625,142484.75,92998.40625,156608.375,134579.921875,103153.5078125,82675.8203125,2
0,-1.04512253074063e-07,1.585634379353e-07,-1.77112369215138e-07,1.50460746084491e-08,1.3881779636904e-07,1.7551676023686e-07,-1.91472828703354e-08,1.10894681881746e-07,31336.0,0.0075520440004766,30020.0,0.0077616642229259,35.0,4.82284545898438,63.0,2.63559746742249,1738.0,0.0801568254828453,4965.0,0.0850019901990891,47.0,10.781005859375,20811.0,0.0081229312345385,0.240006327629089,0.282251328229904,0.255928695201874,0.306373655796051,0.49720561504364,0.235876843333244,0.407311230897903,0.338209867477417,364.495422363281,46.8530807495117,219.793151855469,274.404602050781,66.5101852416992,1.41247010231018,2.61487412452698,361.212829589844,94516.796875,48477.8984375,84116.0859375,36228.2890625,68044.921875,43118.9609375,55427.76953125,34796.04296875,143099.484375,110110.9375,107943.421875,49269.6484375,118406.09375,95573.7265625,68024.859375,51104.234375,3
0,8.61627711401525e-08,3.19121369329878e-08,6.94088981845198e-08,1.18074915178568e-07,8.950357788251042e-09,-1.19670517051418e-07,-1.66740917961761e-07,-2.23384972741769e-08,2883.0,0.106558054685593,51.0,12.7569398880005,56.0,3.62535691261292,11927.0,0.0105038248002529,26318.0,0.0058556250296533,79.0,7.45214462280273,6512.0,0.011929570697248,41.0,4.05615425109863,0.20258104801178,0.252579510211945,0.353742450475693,0.417482078075409,0.430385202169418,0.28763535618782,0.554301083087921,0.513257682323456,275.872192382812,76.0269317626953,17.6041221618652,614.360961914062,19.8937225341797,68.2960739135742,118.331748962402,16.1097755432129,81087.828125,38826.52734375,64591.1796875,30964.17578125,53992.8515625,31178.0703125,47970.0859375,32841.78515625,114351.578125,75913.25,108146.78125,62688.65625,77583.421875,59484.8515625,76128.453125,64561.2890625,4
0,1.75815941361179e-07,1.50784856600694e-07,1.06905666541479e-07,-2.54499298080191e-07,3.79754453661008e-07,2.17999797769153e-07,-1.3881779636904e-07,6.382427919504611e-09,90.0,10.0724315643311,35172.0,0.0277259144932032,47.0,10.2119283676147,43.0,9.65228843688965,1332.0,0.697633028030396,23848.0,0.0329005718231201,29866.0,0.0231162346899509,18090.0,0.0154202980920672,0.106346055865288,0.0958399996161461,0.241976901888847,0.334784269332886,0.171033516526222,0.212147444486618,0.198758274316788,0.311586141586304,56.9360542297363,68.7196273803711,3.5945520401001,3.67786550521851,57.1192245483398,50.7973747253418,75.358512878418,40.3421058654785,134215.78125,78850.2890625,80788.5703125,51686.95703125,85012.65625,56111.48828125,67260.265625,45487.7109375,180156.140625,115834.09375,140396.0,89215.359375,105628.046875,82620.828125,79444.265625,67239.015625,1
0,-1.62951351967422e-07,2.99176292628545e-07,5.983526119024421e-09,-1.5956069798761502e-09,-8.13510254715766e-08,3.7496761251532e-08,-5.02616188668981e-08,3.61006051718959e-08,95.0,9.49435520172119,14903.0,0.0568361692130566,25688.0,0.0281362403184175,13266.0,0.0255449414253235,141.0,6.31804609298706,86.0,8.47857666015625,82.0,10.5596313476562,75.0,10.5526285171509,0.109879016876221,0.11558224260807,0.148509159684181,0.387095928192139,0.146443590521812,0.207259863615036,0.175660282373428,0.183671027421951,62.5698585510254,64.8214645385742,72.5695495605469,39.5845069885254,68.5896835327148,76.5407485961914,27.7208080291748,72.4347839355469,139693.65625,65394.6796875,74759.703125,42471.171875,81371.1015625,52852.80859375,55751.265625,38392.03125,156272.265625,95440.8046875,104262.3984375,74704.3671875,87815.21875,62996.6640625,64260.21875,54169.796875,2
0,4.06879756553735e-08,-1.14883697222012e-07,-1.83494801575534e-08,-1.44103253774119e-08,-1.11692486370885e-08,-1.53976074557249e-07,-1.07703463925191e-08,9.57364179043907e-08,39.0,13.0686140060425,21088.0,0.0165202878415585,22947.0,0.0080613568425178,27753.0,0.0068487324751913,85.0,3.17889142036438,1686.0,0.16297759115696,162.0,1.58204591274261,208.0,0.555320858955383,0.195839136838913,0.223599448800087,0.454533517360687,0.472905248403549,0.318433910608292,0.315005302429199,0.428925842046738,0.481916636228561,14.950870513916,22.6383800506592,52.4422073364258,288.664215087891,194.312042236328,35.0173187255859,304.321014404297,85.4136962890625,132850.65625,75418.765625,64836.56640625,41004.56640625,65104.52734375,45280.80078125,61241.67578125,44947.46875,183377.40625,121859.4375,90369.96875,64299.12890625,84874.53125,68109.46875,57630.125,49457.6640625,3
0,-3.82945657406708e-08,-3.0914883986099502e-09,9.97254332446573e-08,-5.74418486110062e-08,-1.69533240779174e-08,2.95187287946419e-08,-9.25451999478355e-08,-5.10594233560369e-08,18366.0,0.0451125726103783,180.0,5.6154317855835,61.0,11.2589120864868,233.0,0.702885210514069,18036.0,0.0414051599800587,38.0,11.5544996261597,7914.0,0.0768042728304863,18474.0,0.0078561417758464,0.176238641142845,0.14931645989418,0.236745715141296,0.623513102531433,0.218721643090248,0.327102035284042,0.251356661319733,0.468351811170578,36.1577186584473,47.0186920166016,39.8005981445312,1.65271008014679,39.9523963928223,189.545333862305,81.8104858398438,0.442696452140808,134427.96875,75487.125,72026.1875,42164.3046875,71941.359375,53403.9140625,50208.53515625,38198.16015625,173551.9375,110655.4375,87423.3203125,65893.078125,86034.84375,71845.34375,59512.53515625,53578.4921875,4
0,4.42780923037844e-08,8.77583801184301e-08,-7.85836391514749e-08,-4.70704044630565e-08,1.00523237733796e-07,4.78682089521953e-08,1.69134338534604e-07,1.67538729556327e-08,35.0,2.83452439308167,196.0,0.945579349994659,1427.0,0.0322230495512486,20693.0,0.0031739103142172,48.0,11.6919708251953,7035.0,0.0350062362849712,15451.0,0.0052470206283032,36.0,8.16473007202148,0.524137914180756,0.405907601118088,0.732430756092072,0.759168446063995,0.282001405954361,0.351954996585846,0.631312489509583,0.4431391954422,8.44008636474609,3.65013742446899,1442.53015136719,174.25439453125,15.052942276001,70.1452560424805,14.3696327209473,191.244674682617,41458.1640625,30109.0,100650.296875,54024.83203125,47146.5625,32619.458984375,40849.109375,36035.26171875,127934.546875,69122.765625,88806.2734375,60542.50390625,48776.91015625,33414.34765625,87321.4140625,78193.390625,1
0,-4.18846823890817e-09,5.02616188668981e-08,5.50484386963035e-08,1.59560684664939e-08,1.25255141369962e-07,-2.95187287946419e-08,-4.08874285540151e-08,7.93814436406137e-08,1975.0,0.0926254168152809,12193.0,0.0225941259413958,11124.0,0.0134624782949686,73.0,3.920738697052,104.0,10.6564474105835,65.0,12.0035457611084,148.0,5.06163501739502,154.0,4.97752618789673,0.324093967676163,0.286858737468719,0.509186089038849,0.418322563171387,0.173053190112114,0.164536029100418,0.157293647527695,0.120104871690273,218.314346313477,254.291717529297,286.945587158203,149.536972045898,9.19284248352051,68.987548828125,62.5132446289062,58.9432373046875,54717.390625,37983.734375,93930.265625,46996.9921875,80425.546875,51287.671875,53557.5,35466.15625,147413.65625,85833.421875,105821.7578125,55911.60546875,76203.078125,54522.421875,61138.94921875,43647.81640625,2
0,1.1967051793959602e-09,1.31637571954002e-08,4.06879756553735e-08,3.7496761251532e-08,6.73146658414225e-08,1.0909962355754e-07,4.74693067076259e-08,7.19020363249001e-08,29285.0,0.0074626444838941,16390.0,0.0181977711617947,35.0,3.46142101287842,12638.0,0.0044804327189922,19083.0,0.0264180097728968,73.0,7.90125703811646,4988.0,0.161891669034958,1477.0,0.421176582574844,0.299283355474472,0.326087802648544,0.615696787834167,0.736574411392212,0.295459806919098,0.214693874120712,0.138515949249268,0.138602778315544,327.747253417969,143.029495239258,1.82063388824463,441.774993896484,80.7702484130859,11.355785369873,36.6135025024414,43.097957611084,47284.66796875,33918.3203125,90747.359375,46879.015625,46683.3203125,33646.78125,42745.87109375,31328.96875,166369.3125,95472.515625,122617.734375,57234.4453125,88276.984375,71098.3203125,50383.0546875,40503.41015625,3
0,7.73869359704804e-08,-7.180231076375781e-09,-1.06706217195551e-08,-8.65616769374355e-08,-7.18023116519362e-08,-3.989017116623471e-09,5.62451454300117e-08,4.39539853402948e-08,6755.0,0.0305161755532026,15964.0,0.0194870680570602,90.0,1.65475392341614,1688.0,0.125934392213821,111.0,8.21638774871826,25.0,11.9507236480713,470.0,1.15397715568542,69.0,11.3537759780884,0.393861681222916,0.355946719646454,0.618798553943634,0.488090187311172,0.238949134945869,0.337913393974304,0.20803314447403,0.187229871749878,86.0548782348633,29.7500076293945,57.0486755371094,42.5000457763672,43.9609870910645,27.9163036346436,18.6461200714111,0.494045257568359,46925.921875,35445.625,105001.90625,55615.3359375,47356.734375,35795.71875,54750.6015625,37860.234375,177952.875,99092.4609375,130457.03125,75072.328125,71910.9375,57830.453125,84840.03125,71389.59375,4
0,-7.73869359704804e-08,-5.66440476745811e-08,-6.54198828442532e-08,1.45599132750363e-08,1.11692486370885e-08,-8.5364973756441e-08,4.68709551171287e-08,7.57913269922028e-08,5315.0,0.0755400136113167,20163.0,0.0169164706021547,30.0,11.3567800521851,18.0,6.05319404602051,48.0,11.0828399658203,20517.0,0.0151515323668718,28.0,11.6789035797119,26.0,7.52400207519531,0.259962558746338,0.329935252666473,0.323127180337906,0.722320735454559,0.327550292015076,0.352010846138,0.449827343225479,0.669385969638824,164.70817565918,13.0005512237549,102.902618408203,347.013671875,97.4446334838867,17.4267635345459,111.838272094727,179.440933227539,159878.859375,87234.453125,109061.7734375,68028.7890625,48926.20703125,36039.76171875,65631.5859375,48293.5078125,204644.375,127771.671875,124778.71875,76599.8203125,49332.60546875,38278.109375,66369.265625,59232.34375,1
0,1.62751902621494e-07,-1.13288095349162e-07,-4.30813855700762e-08,-8.1375951310747e-08,-9.57364179043907e-08,2.87209243055031e-08,1.11692486370885e-08,4.30813855700762e-08,2843.0,0.207790940999985,2846.0,0.236139595508575,12716.0,0.0513039566576481,36.0,8.27303409576416,2791.0,0.309198975563049,21750.0,0.0257472842931747,44.0,11.6281766891479,91.0,3.55062031745911,0.230015262961388,0.244480729103088,0.233662724494934,0.482431650161743,0.248782485723495,0.269470661878586,0.292203426361084,0.341727048158646,59.9706840515137,46.3382377624512,70.5258560180664,161.913909912109,36.9579086303711,169.193923950195,56.1748809814453,197.013916015625,180450.9375,108394.34375,149468.875,96016.6484375,61657.9453125,45444.3203125,70072.8125,53969.4453125,234460.0625,157958.96875,182327.953125,116535.8984375,53988.203125,45885.50390625,60951.21484375,52038.9609375,2
0,-2.98378495244833e-07,1.01321042222935e-07,-6.6217687333392e-08,2.55297116780184e-08,1.91472835808781e-07,8.61627711401525e-08,1.97456362371895e-08,-1.99450872484519e-10,7791.0,0.039471659809351,3809.0,0.0573409907519817,90.0,1.28111732006073,4426.0,0.0199135057628155,101.0,2.63859272003174,65.0,3.69491100311279,29.0,5.50680589675903,15645.0,0.0045894556678831,0.296189725399017,0.411798596382141,0.645831644535065,0.705056488513947,0.499360203742981,0.415396213531494,0.558049321174622,0.679460883140564,15.8239088058472,60.3669700622559,7.81987524032593,14.9932479858398,1.32507872581482,13.4014072418213,3.09114789962769,6.123046875,138434.1875,83918.328125,120355.8984375,83646.6953125,43273.63671875,35539.19921875,41337.4296875,31395.00390625,180557.6875,135608.46875,136270.203125,83999.921875,37543.828125,31398.966796875,38127.40625,34445.44921875,3
0,-4.10868778999429e-08,1.54773871940961e-07,9.65342223935295e-08,-1.4759364397321e-08,7.18023116519362e-08,-5.72423992650783e-08,-6.12314181580587e-08,9.9725436797371e-09,152.0,6.28110361099243,6767.0,0.0859927162528038,47.0,9.91851806640625,53.0,5.78267431259155,1085.0,0.817080557346344,121.0,6.51927709579468,30614.0,0.0114442948251963,50.0,11.1251745223999,0.203365102410316,0.277814745903015,0.322996020317078,0.318272352218628,0.218185752630234,0.231430739164352,0.337574124336243,0.246527180075645,18.1177501678467,61.6176147460938,47.6221504211426,178.646362304688,74.7268524169922,86.7120590209961,10.6582384109497,108.431282043457,196255.9375,140521.296875,173982.53125,129416.84375,102793.6015625,90777.015625,57690.3828125,49802.484375,257844.890625,189316.03125,232110.8125,165776.90625,69961.7421875,70007.4375,53323.9453125,49994.15625,4
0,2.05434389499715e-08,1.7451950995450701e-09,1.07703463925191e-08,1.7950577912984e-08,-8.77583801184301e-08,-8.12762301904968e-09,-2.71253171035823e-08,-2.81225727150058e-08,845.0,0.819844901561737,853.0,0.834639370441437,47.0,14.0244388580322,55.0,12.7007761001587,882.0,0.986610174179077,28877.0,0.0244444496929646,70.0,11.2115058898926,55.0,12.746129989624,0.163180738687515,0.180218547582626,0.238431617617607,0.218410596251488,0.141585797071457,0.173406422138214,0.171707034111023,0.20707656443119,2.57319927215576,2.8877809047699,5.33657741546631,5.39856338500977,1.7613377571106,65.1398010253906,1.94412982463837,4.15370941162109,60007.703125,36723.05078125,46311.5078125,27064.33984375,59297.55859375,32143.79296875,52272.9375,32060.576171875,138223.5,69929.375,96229.984375,45614.8828125,43286.84765625,32415.470703125,64164.40625,26866.80859375,1
0,2.7985450401502e-08,-6.14308675039865e-08,-2.43330049443102e-08,6.831192056466761e-09,1.61954105237783e-07,-1.34030983645061e-07,-1.01321042222935e-07,3.39066481558348e-08,40.0,11.7530155181885,1109.0,0.45245885848999,73.0,7.16268968582153,62.0,11.9887790679932,74.0,10.3210353851318,2282.0,0.355051517486572,99.0,8.20422172546387,60.0,9.01564025878906,0.201622515916824,0.219107642769814,0.243671506643295,0.176635041832924,0.180030912160873,0.154814705252647,0.200292617082596,0.202707871794701,20.2204551696777,18.8203029632568,20.827112197876,11.272665977478,11.7187414169312,5.37093734741211,11.3691740036011,122.213455200195,69732.796875,44002.546875,53038.28125,31253.435546875,58068.93359375,37065.77734375,77696.84375,44090.4375,175797.1875,86249.0,107700.421875,55030.453125,62725.91796875,45943.0,140282.5625,33162.73828125,2
0,-3.82945657406708e-08,9.97254332446573e-08,-4.22835846336511e-08,-2.05035490807859e-07,2.47319071888796e-08,9.89276287555185e-08,3.1912139597523e-09,-9.81298242663797e-08,25549.0,0.0163069050759077,274.0,3.12186169624329,23324.0,0.0183225404471159,23572.0,0.0225265249609947,33843.0,0.0269520226866007,279.0,3.03557848930359,37835.0,0.0235355086624622,23646.0,0.0176996402442455,0.199274897575378,0.133792147040367,0.287521988153458,0.201368317008018,0.133951634168625,0.143953785300255,0.147950053215027,0.196094080805779,19.8161315917969,64.7025756835938,2.20869112014771,0.526767015457153,66.8541412353516,64.6527252197266,103.488273620605,0.288142561912537,70317.984375,48163.1953125,43888.3359375,27015.71484375,51243.3203125,33468.9140625,56536.40625,33697.25,149936.6875,74929.15625,96064.625,45899.3984375,52476.1953125,39009.30859375,71393.125,33192.7578125,3
0,7.65891314813416e-08,-5.90374575892838e-08,1.59560684664939e-08,-2.78533121900182e-07,-6.22286719931253e-08,-1.3881779636904e-07,9.972543624225949e-11,7.43951744652804e-08,104.0,7.61009502410889,106.0,6.38705110549927,200.0,1.83832311630249,4437.0,0.105781063437462,105.0,7.85532283782959,207.0,4.07171010971069,256.0,3.25097131729126,93.0,9.05277347564697,0.161533489823341,0.148279666900635,0.339963793754578,0.309090882539749,0.18264265358448,0.172169968485832,0.140458852052689,0.160051211714745,2.01180028915405,2.51144218444824,6.22187089920044,3.96713042259216,2.03394055366516,2.05088353157043,70.7935256958008,2.02166271209717,66043.8046875,43435.609375,44057.87109375,28938.677734375,54795.484375,37122.390625,62052.40625,38832.7578125,158918.5625,77416.0,98902.953125,51998.1015625,55756.78125,40557.8359375,45286.3359375,32238.5703125,4
0,-6.50209841523974e-08,-1.54574415489606e-08,-8.775837834207321e-09,-1.34030983645061e-07,-1.79505775577127e-07,1.19670522380488e-08,-1.27648558390092e-08,5.42506342071647e-08,17610.0,0.0162914358079433,517.0,0.185535609722137,29.0,6.59009790420532,78.0,3.43923711776733,20490.0,0.0132988234981894,46.0,5.91077327728271,5133.0,0.015026206150651,33.0,8.21914958953857,0.347595185041428,0.562024176120758,0.686252772808075,0.626879572868347,0.510752141475677,0.472405225038528,0.802246749401093,0.514007747173309,123.650787353516,101.810592651367,453.133026123047,284.917266845703,64.1222534179688,233.254425048828,684.90234375,124.189262390137,109798.359375,89087.03125,41974.47265625,29866.736328125,121469.359375,113149.3359375,113298.6953125,94888.171875,250365.90625,217467.015625,136016.625,109647.5078125,43427.9375,42532.375,54563.34765625,52050.7890625,1
0,-1.88281617852226e-07,-2.79231215927211e-08,1.09697975148038e-08,9.25451999478355e-08,2.23384972741769e-08,-2.0583328819157e-07,-6.89850665480662e-08,-5.3851735515309e-08,208.0,1.00057125091553,10543.0,0.0105665801092982,24135.0,0.0061003407463431,224.0,1.03676915168762,1744.0,0.155489549040794,149.0,2.02368402481079,18301.0,0.0082494597882032,507.0,0.435235917568207,0.309593737125397,0.437234967947006,0.566012620925903,0.534176051616669,0.421873599290848,0.349902480840683,0.596166253089905,0.504557907581329,214.811813354492,350.859985351562,118.65217590332,362.964508056641,38.2591705322266,164.69499206543,220.417938232422,219.547058105469,80393.2734375,52159.34765625,40387.0859375,27541.609375,96145.4921875,65002.453125,107593.5078125,61506.765625,202172.171875,138397.359375,112115.390625,74386.3125,51909.1171875,43017.2265625,57250.73828125,55285.0703125,2
0,-5.90374575892838e-08,1.62552460380994e-08,-1.5956069798761502e-09,-5.26550287816008e-08,1.62751902621494e-07,5.74418486110062e-08,0.0,7.4993522503064e-08,23.0,11.6875877380371,156.0,0.671618759632111,338.0,0.408214092254639,22188.0,0.0072101596742868,7725.0,0.0284723751246929,4198.0,0.0769462138414383,28.0,7.45596218109131,1723.0,0.144925832748413,0.417912304401398,0.557867825031281,0.902254462242126,0.717158019542694,0.569710373878479,0.445924907922745,0.755464792251587,0.392637342214584,263.236907958984,83.5145645141602,68.9142913818359,240.266906738281,44.7830657958984,30.6066246032715,38.6036376953125,61.2155647277832,92881.515625,90788.203125,42261.828125,29995.68359375,170089.546875,186532.71875,130888.421875,124499.203125,344464.9375,354129.59375,156231.3125,147915.09375,86424.1171875,100491.265625,87336.578125,84896.09375,3
0,6.382427919504611e-09,5.13585973749286e-08,5.74418486110062e-08,-2.17002536828659e-07,-3.35077459112654e-07,-2.47319064783369e-07,-9.5736414351677e-09,-3.27099414221266e-08,18475.0,0.0142107671126723,1657.0,0.0526283755898476,15.0,8.04603290557861,21.0,13.1289033889771,6158.0,0.0328679345548153,43.0,5.46531343460083,16379.0,0.0090500004589557,31400.0,0.005294902715832,0.453281074762344,0.639243125915527,1.00132620334625,0.748678803443909,0.666829824447632,0.578430593013763,0.958408832550049,0.411974161863327,50.8449440002441,46.0497703552246,487.631713867188,151.739624023438,274.266815185547,427.114196777344,235.416580200195,91.8958435058594,116779.21875,131362.921875,44239.765625,33116.640625,221218.609375,239604.21875,152839.78125,156595.1875,425797.75,413002.75,193584.5625,186180.15625,124360.90625,141929.84375,110143.3125,110304.9453125,4
0,8.1375951310747e-08,-7.3796821986604804e-09,-1.6554421833348e-08,4.82671111967647e-08,1.88680516544082e-07,-6.22286719931253e-08,-6.382427919504611e-09,3.03165315074239e-08,70.0,8.37433528900146,26660.0,0.0038233236409723,4841.0,0.0112420599907637,9991.0,0.0097178155556321,91.0,8.95091152191162,38.0,13.7452974319458,3115.0,0.0586781576275826,24402.0,0.0022336377296596,0.215131208300591,0.458926290273666,0.655871987342834,0.539401948451996,0.156854793429375,0.247033923864365,0.269462674856186,0.735655903816223,86.8910064697266,504.255340576172,886.144836425781,775.015686035156,53.2662353515625,61.0908279418945,15.7340803146362,1299.82531738281,82092.796875,41373.15625,37681.52734375,26817.64453125,50536.328125,23974.861328125,73576.96875,33301.765625,232742.4375,83551.984375,69336.4453125,42317.96875,51790.6640625,29149.064453125,35996.1875,29045.79296875,1
0,-1.27648558390092e-08,-4.26824868782205e-08,2.31362999869589e-08,-3.03165315074239e-08,-2.7205098263039e-07,-1.67538729556327e-08,-2.3934103587919303e-09,-3.08650207614392e-08,27.0,12.7599010467529,89.0,1.30605614185333,91.0,0.876650273799896,346.0,0.927866578102112,2641.0,0.364456385374069,3670.0,0.146582171320915,73.0,3.26467943191528,573.0,0.0957778617739677,0.250629544258118,0.48137503862381,0.632925689220428,0.384601831436157,0.11240192502737,0.201750293374062,0.312740862369537,0.795333385467529,45.6652946472168,92.8646011352539,129.679595947266,47.1253662109375,14.6430435180664,15.9115982055664,62.8901023864746,228.126525878906,72215.640625,34246.28515625,38400.78125,26681.814453125,48403.04296875,21908.87890625,74563.1875,32525.375,199855.25,80864.0078125,61263.6328125,35942.0234375,47762.0625,25926.826171875,36713.8125,28027.111328125,2
0,1.30241417650723e-07,-1.19670522380488e-08,6.77135716387056e-08,-5.74418486110062e-08,3.13337324087115e-07,-1.00523237733796e-07,-4.18846823890817e-08,2.71253171035823e-08,7126.0,0.0295984949916601,53.0,2.06377243995667,16623.0,0.0044321394525468,58.0,2.19581270217896,112.0,7.19359731674194,101.0,1.94525265693665,11173.0,0.0113406162708998,33.0,3.52825498580933,0.244198054075241,0.442577213048935,0.621360063552856,0.460091978311539,0.146778762340546,0.281863212585449,0.357449024915695,0.678675711154938,229.047805786133,473.809753417969,495.060852050781,250.912536621094,60.3169097900391,14.544732093811,419.651763916016,26.944372177124,84266.921875,39779.18359375,41858.828125,29187.0546875,53429.3671875,24126.87109375,76569.828125,33394.71484375,255819.34375,92151.0625,71983.9375,41945.87109375,54924.25,29804.1875,36832.7421875,30537.25390625,3
0,1.69932135918316e-07,3.41559598382446e-08,1.44227909615324e-08,-5.88380046906423e-08,3.78956656277296e-07,-2.07428897169848e-07,1.3921670927175e-07,-4.58736977293484e-08,21.0,13.691822052002,27.0,5.30710744857788,10339.0,0.009081607684493,785.0,0.122608043253422,17479.0,0.0533493608236313,19609.0,0.0304253697395325,2287.0,0.0767855867743492,9135.0,0.0059236991219222,0.286835551261902,0.447123378515244,0.65398508310318,0.598070859909058,0.102083340287209,0.223563849925995,0.378476202487946,0.79196298122406,248.75373840332,439.273864746094,581.759094238281,191.139389038086,44.9009857177734,59.7982521057129,414.280944824219,1050.30187988281,106640.796875,71387.40625,55658.0078125,41655.953125,60015.6640625,34473.078125,73155.9921875,42018.7265625,293684.5625,127903.9296875,105584.921875,67515.8125,65384.890625,47140.90234375,45781.03125,40465.0546875,4
0,-1.13288095349162e-07,-5.10594233560369e-08,2.15406942061236e-07,1.11692486370885e-07,-1.91472835808781e-07,1.59560684664939e-08,3.86136889574118e-07,-1.24158162861931e-07,31450.0,0.0067288703285157,357.0,0.875433564186096,59.0,11.5038833618164,131.0,2.91593909263611,1509.0,0.702943980693817,166.0,1.83365976810455,58.0,8.92131519317627,24520.0,0.0103773316368461,0.570981383323669,0.49045330286026,0.408821165561676,0.471560537815094,0.339408725500107,0.518839597702026,0.440074890851974,0.571467041969299,35.4125137329102,10.9136486053467,1.83644545078278,34.7609825134277,67.5537109375,13.5410938262939,117.95524597168,218.295639038086,893761.75,171536.203125,858395.875,200707.1875,1022293.5,165390.78125,1201051.625,173045.25,1046653.625,226487.546875,1336966.625,169523.46875,1366241.0,168370.15625,1542476.875,81916.5,1
0,-3.1912139597523e-09,1.11493037024957e-07,-1.1647930620029e-07,-3.63798392299941e-07,8.77583801184301e-08,4.19245708371818e-07,-6.14308675039865e-08,-1.13288095349162e-07,30773.0,0.0049975509755313,21673.0,0.0102410688996315,28.0,13.9395112991333,2085.0,0.116810657083988,27475.0,0.0110103115439415,8583.0,0.024636784568429,1006.0,0.289169520139694,49.0,4.43575859069824,0.700549900531769,0.557056427001953,0.495676547288895,0.53055614233017,0.557559251785278,0.627946078777313,0.495008140802383,0.626119494438171,396.916961669922,235.15299987793,38.8319892883301,180.077255249023,303.481506347656,324.377716064453,205.158218383789,285.712615966797,669773.75,383521.8125,588585.25,264282.375,728209.375,304411.0,1075092.875,207880.84375,1049276.25,190252.421875,1404443.25,161210.75,1387002.75,160655.15625,1398680.25,164440.0,2
0,-8.37693647781634e-08,2.45723470015946e-07,2.02841533791798e-07,-3.82945657406708e-08,-1.0077255296892e-07,4.70704044630565e-08,-3.51033513368293e-08,8.1375951310747e-08,21291.0,0.0093266665935516,5146.0,0.0374551042914391,51.0,12.6111879348755,74.0,3.32608032226562,5293.0,0.194835886359215,115.0,3.14846611022949,86.0,3.23481011390686,3443.0,0.0662973299622536,0.665330111980438,0.680037617683411,0.508637189865112,0.582331836223602,0.355568617582321,0.571459412574768,0.579791367053986,0.713736593723297,325.467590332031,105.691963195801,51.0136375427246,30.4901695251465,39.603759765625,159.669235229492,27.082820892334,32.6637077331543,579122.5,254146.84375,412549.8125,330981.96875,587709.25,220589.53125,912637.125,172129.75,1011720.3125,151790.578125,1291513.5,143684.8125,1231327.25,149127.3125,1073359.5,244250.203125,3
0,4.3879190059215e-08,1.14085892732874e-07,2.45723470015946e-07,2.38568162558295e-07,3.23110391775572e-08,-7.65891314813416e-08,-1.16080407508434e-07,-9.57364179043907e-08,6727.0,0.0373782478272915,15870.0,0.0163962468504906,13394.0,0.0148152196779847,858.0,0.320838272571564,5673.0,0.0492954254150391,850.0,0.290033429861069,82.0,3.79332232475281,29529.0,0.006139668636024,0.611455857753754,0.707612931728363,0.650109589099884,0.576661705970764,0.540893852710724,0.652837097644806,0.522447288036346,0.697868645191193,211.241088867188,8.70327568054199,36.6123313903809,19.8668022155762,44.2103309631348,8.45283889770508,16.2238445281982,372.237426757812,500712.25,527608.375,511623.4375,465577.25,454597.9375,492470.9375,765348.75,443370.1875,969673.0,294864.875,1209743.25,196758.265625,1187210.25,234410.734375,1341447.375,149139.78125,4
0,2.39341034102836e-07,-8.25726615971689e-08,-5.42506342071647e-08,-1.77910166598849e-07,-1.70530483956099e-07,1.5956069798761502e-09,2.83220238372905e-08,7.97803489938076e-10,19837.0,0.0110650816932321,5185.0,0.0390384495258331,19286.0,0.0099019557237625,25288.0,0.0102585926651955,23172.0,0.0106027750298381,96.0,2.91880106925964,4501.0,0.0539884306490421,5476.0,0.0449005663394928,0.634412348270416,0.675137400627136,0.714840471744537,0.632000207901001,0.683143734931946,0.532519817352295,0.671541571617126,0.606075704097748,55.1931686401367,8.37128162384033,282.156219482422,5.64661073684692,285.905181884766,36.7831649780273,6.35693836212158,47.9693298339844,1283966.25,143269.859375,1077856.375,264539.15625,1015047.875,304136.40625,1490185.0,183553.21875,1202921.0,197046.8125,1348991.0,205472.828125,1251773.625,230936.65625,1351504.375,130125.203125,1
0,-5.58462431854423e-08,4.86660098886205e-08,9.33430044369743e-08,2.0264208444587e-07,2.61280632685157e-08,-1.05509506909129e-07,-2.04237693424147e-07,3.98901744969038e-10,42.0,5.77866744995117,16974.0,0.0108911637216806,6541.0,0.0297223348170519,13069.0,0.021805327385664,711.0,0.282673835754395,13039.0,0.0264100655913353,10140.0,0.0236620418727398,12993.0,0.0200729444622993,0.64350688457489,0.754887342453003,0.77201521396637,0.591860175132751,0.77392441034317,0.551308155059814,0.662827432155609,0.616463840007782,196.921600341797,64.3569946289062,280.134582519531,113.753837585449,267.538299560547,100.531433105469,152.978363037109,66.415657043457,1638841.375,77098.4375,1219149.625,221228.015625,1163760.25,269918.625,1493969.5,194623.21875,1145012.25,215055.75,1475845.0,215470.1875,1381524.0,222857.96875,1626246.0,80512.7265625,2
0,-1.80702485863549e-07,6.74143905143865e-08,-2.89203768488733e-07,1.03689515640326e-07,-6.06330630148477e-08,1.81899196149971e-07,7.97803489938076e-10,-1.38019998985328e-07,7044.0,0.0270709246397018,352.0,0.661691725254059,5434.0,0.0395985953509808,4740.0,0.0950468778610229,25.0,7.8006763458252,4745.0,0.0927606001496315,4740.0,0.0658600851893425,7044.0,0.0259767547249794,0.745388090610504,0.70075398683548,0.680469036102295,0.598552107810974,0.711219429969788,0.550827503204346,0.651129722595215,0.70891261100769,169.316879272461,46.0582656860352,104.420448303223,20.782829284668,173.992111206055,20.548095703125,28.7833576202393,173.914260864258,1694856.25,63919.1328125,1279816.75,220130.59375,1229866.875,210303.34375,1558493.25,198578.46875,1222709.875,237854.96875,1452520.0,223257.28125,1465729.5,228875.0625,1691632.75,65629.8203125,3
0,2.51308080123636e-07,-4.22835846336511e-08,4.786820717583851e-09,2.48914687972501e-07,-7.81847404596192e-08,3.82945657406708e-08,-1.83494790917393e-07,-5.66440476745811e-08,11756.0,0.0225126687437296,2776.0,0.127973198890686,633.0,0.288898259401321,66.0,6.67333698272705,15267.0,0.0106909768655896,1689.0,0.275921702384949,81.0,5.28886365890503,29012.0,0.0099176578223705,0.492033749818802,0.589292883872986,0.704960942268372,0.444852322340012,0.731107711791992,0.441863924264908,0.572012305259705,0.480868518352509,193.350830078125,25.2380142211914,56.5523681640625,20.4725399017334,407.123687744141,19.9402275085449,21.0267200469971,60.3943519592285,1290132.875,141451.546875,1269660.25,235110.921875,1119335.0,292294.75,1416600.125,219579.890625,1253430.0,213382.71875,1446257.375,201661.875,1413418.0,244411.625,1385728.0,119487.96875,4
0,1.51582657537119e-08,1.94664039554482e-07,5.42506342071647e-08,-1.63449982437669e-07,3.59011558259681e-08,1.37222201601617e-07,5.98352585257089e-08,-1.59560684664939e-08,13116.0,0.0225253961980343,32.0,11.8710374832153,18866.0,0.0264264047145844,46.0,6.82805061340332,8209.0,0.0296111814677715,71.0,8.11875915527344,4580.0,0.0654719397425652,13116.0,0.0245503466576338,0.572451531887054,0.630709707736969,0.560955047607422,0.667853355407715,0.607942879199982,0.436995893716812,0.636768460273743,0.584508061408997,40.1176948547363,18.9025955200195,83.1638031005859,34.719856262207,259.295043945312,15.1631193161011,30.1246547698975,37.5559387207031,1138145.625,244705.828125,1094827.375,199033.890625,1138906.0,220225.75,1089908.625,362212.40625,1124999.0,232585.421875,1565765.5,199414.765625,1289793.75,218637.46875,1366276.875,252253.859375,1
0,-1.19670522380488e-08,-1.92145975574931e-07,1.15681499934794e-08,2.35551468108497e-07,-7.978034233246941e-09,3.59011558259681e-08,-3.70978625596763e-08,8.21737557998858e-08,5045.0,0.0682076141238213,169.0,1.82315695285797,84.0,4.08253622055054,29860.0,0.0093246400356292,12557.0,0.022586777806282,92.0,7.31513118743896,18179.0,0.0170587338507175,15324.0,0.0211179852485657,0.563199400901794,0.757211625576019,0.589190483093262,0.767154335975647,0.62137508392334,0.434115886688232,0.60264778137207,0.60430246591568,115.339736938477,14.1496524810791,14.6756944656372,20.62233543396,317.451477050781,5.84957218170166,114.895797729492,42.9355964660645,1069930.375,141665.75,953862.625,184392.40625,1133270.75,205405.265625,1270011.25,245179.28125,1157926.125,177013.515625,1732429.25,124635.03125,1116311.625,251519.828125,1405265.25,158002.671875,2
0,3.03165315074239e-08,-3.66989581834787e-07,1.63948612907916e-07,6.70154918225307e-08,3.989017116623471e-09,4.786820717583851e-09,-1.77112369215138e-07,4.70704044630565e-08,24.0,10.3647241592407,21788.0,0.0086373584344983,23718.0,0.0069445515982806,1084.0,0.169989407062531,27204.0,0.0068429205566644,71.0,7.6791787147522,2259.0,0.0833917781710625,5328.0,0.0310382153838873,0.667530119419098,0.682910680770874,0.73537802696228,0.727429449558258,0.691075325012207,0.515783727169037,0.724784910678864,0.910649478435516,330.524230957031,282.959869384766,118.99430847168,58.8694839477539,299.949127197266,30.087007522583,105.375175476074,73.267822265625,599888.875,101155.625,1326836.375,187937.0625,1685080.0,131984.578125,1515668.5,176652.96875,1153657.75,226571.40625,1675585.25,132416.3125,1215965.375,203717.0,1272946.875,119753.9140625,3
0,3.35077459112654e-08,1.69932135918316e-07,1.80901935209477e-07,4.82671111967647e-08,1.02118846712074e-07,-6.38242738659756e-08,2.3934103587919303e-09,-2.6008393660959e-07,36743.0,0.0080169066786766,39.0,10.6293745040894,480.0,0.484106987714767,1357.0,0.258725583553314,51.0,11.1624813079834,13367.0,0.0703274980187416,2319.0,0.114404454827309,2965.0,0.0641902312636375,0.665443420410156,0.521946549415588,0.510429203510284,0.471241772174835,0.552409708499908,0.252328127622604,0.593230247497559,0.794078648090363,7.61349725723267,24.294828414917,7.24074602127075,137.436157226562,10.6726999282837,35.5459899902344,7.52838659286499,8.0690393447876,565873.25,90320.7578125,1405909.0,123572.921875,1062628.5,100770.9765625,1286250.375,154983.875,1284778.625,121393.921875,1278963.5,167783.53125,1177063.5,187199.015625,1136327.125,105983.765625,4
0,-1.66840649740152e-07,-1.55372219978744e-07,1.32435374666784e-07,-8.1375951310747e-08,-1.35227693931483e-07,2.10320934002084e-07,1.88281617852226e-07,-6.94088981845198e-08,27342.0,0.0059282169677317,30720.0,0.00523860193789,30639.0,0.0049413098022341,6627.0,0.0216131862252951,5366.0,0.0498958863317966,697.0,0.485204011201859,30346.0,0.0070687974803149,1563.0,0.0879049152135849,0.846442341804504,0.886629939079285,0.917278230190277,0.940928280353546,0.566556811332703,0.565415322780609,0.668258249759674,0.927537381649017,3.58516478538513,68.0409774780273,93.7752304077148,559.206420898438,1.5548369884491,5.88355827331543,2.0809805393219,730.901550292969,457124.09375,87122.921875,1107381.0,163161.5625,704112.125,120195.921875,749463.5,142654.96875,1368188.25,201701.1875,1230769.625,223845.234375,1302538.25,219015.03125,837132.5625,164013.40625,1
0,1.47992537335995e-07,1.21266126029695e-07,1.70231317042635e-07,3.57017064800402e-08,2.29567945098097e-07,-1.24457343986251e-07,1.4520023228215e-07,8.5364973756441e-08,46.0,4.75156164169312,91.0,1.63228535652161,17928.0,0.0167509596794844,42.0,9.40479850769043,24891.0,0.0129630351439118,8634.0,0.0294458717107773,26.0,8.52389049530029,32.0,6.56503963470459,0.725901246070862,0.807477593421936,0.747985064983368,0.669024109840393,0.554320514202118,0.549349069595337,0.727341592311859,0.873799622058868,118.921493530273,140.759811401367,186.526458740234,51.706916809082,147.487182617188,64.5190734863281,0.0090741133317351,96.6762619018555,404054.40625,57782.25,1235455.625,114191.265625,832304.5,93772.28125,450417.15625,66229.3203125,1472456.125,132259.171875,1282612.75,161054.328125,1398808.5,154878.8125,890383.1875,98677.9140625,2
0,-1.80901935209477e-07,3.95162018662631e-08,1.77112369215138e-07,2.7923121592721104e-09,-1.61156293643216e-07,-7.91819942946859e-08,2.09024506148126e-07,-5.8239653100145e-08,16117.0,0.0111799510195851,29014.0,0.0037490143440663,23016.0,0.0060135028325021,23038.0,0.0061553008854389,40.0,8.56478595733643,45.0,8.90718841552734,37.0,10.1789655685425,15899.0,0.0087189460173249,0.841658174991608,0.900090217590332,0.937200665473938,0.939304053783417,0.559198558330536,0.584798991680145,0.67033839225769,0.871920526027679,170.758209228516,610.697021484375,192.352264404297,190.210708618164,220.463470458984,195.38395690918,206.843383789062,555.603820800781,296671.28125,52427.1953125,763158.625,93749.0,635115.0625,125377.6953125,310317.0625,48795.7421875,942247.375,196449.21875,1660453.75,158863.1875,1120795.5,159337.875,615214.1875,132004.96875,3
0,1.05310057563202e-07,-1.41211216941883e-07,-1.86087660836165e-07,2.5928612146231e-08,4.46769945483538e-07,-1.47593638644139e-07,-2.03838780521437e-07,2.27373995187463e-08,1064.0,0.160584390163422,489.0,0.31201171875,14267.0,0.0138813033699989,63.0,3.44099068641663,28156.0,0.0099852094426751,95.0,4.2312126159668,3980.0,0.060560580343008,101.0,1.51313948631287,0.715610504150391,0.801329731941223,0.741171598434448,0.68830943107605,0.502769649028778,0.499347329139709,0.598950505256653,0.787363648414612,305.860931396484,501.905120849609,295.938018798828,154.844314575195,4.42923021316528,28.0449619293213,236.53044128418,346.081787109375,507332.375,90392.3984375,1056342.25,110537.578125,961701.125,103194.9921875,405442.4375,65882.0234375,1471246.75,121598.203125,1555386.0,103650.859375,1528835.875,112201.375,834468.5,114783.5546875,4
0,1.05509506909129e-07,6.70154918225307e-08,-2.25778379103758e-07,1.91472835808781e-07,-5.185722518064041e-09,4.01295153551473e-07,1.48391450238705e-07,8.21737557998858e-08,23911.0,0.0160995479673147,23947.0,0.0188293065875769,8368.0,0.111990571022034,96.0,9.80836200714111,9418.0,0.114014983177185,5790.0,0.158240124583244,7424.0,0.0967390090227127,24005.0,0.0187840517610312,0.379382580518723,0.357750833034515,0.143377244472504,0.229502126574516,0.104959473013878,0.195972055196762,0.251919209957123,0.317598283290863,24.5116024017334,133.442001342773,57.7599906921387,24.2295970916748,39.8184928894043,12.9087018966675,23.6617336273193,95.8979415893555,172894.1875,48830.609375,176217.75,90198.671875,260263.0625,109410.03125,446752.71875,126660.171875,268663.28125,123726.9921875,466774.4375,144823.671875,260178.75,127954.015625,177576.015625,112647.4296875,1
0,-8.09770526188913e-08,5.94363598338532e-08,-2.17002536828659e-07,1.1647930620029e-07,2.54499298080191e-07,2.99974090012256e-07,-1.73921151258583e-07,6.94088981845198e-08,8678.0,0.0201339386403561,56.0,9.39183235168457,8773.0,0.0331767722964287,6619.0,0.0619118176400661,92.0,9.00414276123047,108.0,8.0828857421875,8676.0,0.0335349403321743,24745.0,0.0098888808861374,0.703608632087708,0.384080111980438,0.409861505031586,0.430344969034195,0.161327004432678,0.257770776748657,0.471835762262344,0.629961133003235,113.534729003906,150.368179321289,1.41334295272827,15.0000514984131,46.6124420166016,1.74558055400848,71.2668304443359,8.82621097564697,160602.1875,45059.44140625,194879.28125,97652.78125,242230.84375,94738.734375,481887.75,141483.40625,230740.015625,112594.09375,498184.53125,168325.15625,274606.75,120752.515625,139886.234375,97368.515625,2
0,-1.75516756684146e-08,-4.02890734108041e-08,-5.14583220478926e-08,4.88255693653628e-07,3.23110391775572e-08,5.35326137196535e-07,6.382427919504611e-09,-4.54997284293768e-08,16891.0,0.0135740116238594,1728.0,0.423345297574997,133.0,6.71141481399536,5669.0,0.172751635313034,2058.0,0.444681644439697,15490.0,0.0575721971690655,13216.0,0.0230345837771893,68.0,8.03916168212891,0.601979613304138,0.271754920482635,0.215802162885666,0.18023282289505,0.139292284846306,0.173621639609337,0.451726108789444,0.353128165006638,62.027904510498,41.1950988769531,29.964427947998,37.2803573608398,15.3224067687988,31.743579864502,5.9317798614502,0.364210486412048,162724.59375,48731.68359375,195313.6875,102858.03125,301834.4375,135719.78125,507734.9375,156898.140625,311794.09375,147746.6875,545826.0,185868.015625,398365.375,222086.625,160614.1875,117134.828125,3
0,5.1857224292462e-08,-1.29244156710229e-07,2.76039997970656e-07,-1.44103253774119e-07,6.6217687333392e-08,-6.21289473201614e-08,-8.93539890967077e-08,-3.63000580705375e-08,12041.0,0.0310467276722193,3681.0,0.211313962936401,8302.0,0.133911415934563,13012.0,0.0833259895443916,97.0,10.6504802703857,76.0,13.3224477767944,32.0,14.7793073654175,149.0,1.65445971488953,0.629809260368347,0.218978196382523,0.141081288456917,0.168881043791771,0.124472498893738,0.198121979832649,0.428366243839264,0.637046694755554,5.1291675567627,17.1179752349854,23.800199508667,0.633475065231323,39.7475929260254,7.02297639846802,53.7680816650391,59.3220901489258,167735.34375,69191.171875,172165.84375,114621.5078125,249648.640625,106695.546875,440205.40625,154118.078125,247420.875,133200.46875,503431.28125,184415.359375,285739.375,151431.5,179645.71875,134706.78125,4
0,9.5736414351677e-09,-1.62751902621494e-07,-1.3881779636904e-07,5.78407508555756e-08,-6.70154918225307e-08,1.57965089897516e-07,6.382427919504611e-09,4.786820717583851e-09,4767.0,0.0468581840395927,29604.0,0.0149489995092154,1824.0,0.488254219293594,24247.0,0.0048218187876045,33.0,7.52563095092773,11085.0,0.0372963771224022,680.0,0.212962970137596,690.0,0.205751195549965,0.484466344118118,0.318105727434158,0.0869587436318398,0.609509527683258,0.431017756462097,0.334000319242477,0.6146439909935,0.691555380821228,1.52076458930969,129.803009033203,60.2727699279785,471.676177978516,47.7113914489746,164.8037109375,564.740417480469,612.431884765625,276545.4375,132220.953125,377980.75,155731.609375,179065.65625,105071.265625,216970.96875,100363.703125,268334.0625,134196.21875,223272.796875,121372.75,218484.8125,143311.875,144194.59375,101287.8203125,1
0,-4.14857801445123e-08,3.66989603151069e-08,3.3906647445292e-07,3.98901744969038e-10,-3.98901747189484e-08,-9.25451999478355e-08,-1.62751902621494e-07,1.43604623303872e-07,693.0,0.376313805580139,105.0,8.0068883895874,2135.0,0.374957174062729,184.0,1.28569614887238,25645.0,0.0161263681948185,32518.0,0.032930813729763,401.0,0.610770642757416,59.0,10.7603845596313,0.465030252933502,0.262021452188492,0.0966986268758774,0.582725942134857,0.346156984567642,0.202775105834007,0.539499282836914,0.391564160585403,45.5653381347656,71.7773056030273,9.032151222229,120.018043518066,153.341079711914,66.5425109863281,78.6132507324219,60.4211769104004,281034.0,144582.71875,423359.5625,180559.46875,199535.796875,121973.40625,231092.8125,123568.859375,232961.46875,131074.265625,444138.71875,175980.46875,193708.59375,132303.125,157434.125,116153.390625,2
0,-9.09495980749853e-08,-3.63798392299941e-07,-2.45723470015946e-07,1.04512253074063e-07,1.69134338534604e-07,-6.84515384818951e-07,1.0610786205234e-07,-7.51929789544192e-08,3768.0,0.126875519752502,17563.0,0.0414059050381184,6690.0,0.0963297262787819,48.0,11.9147367477417,5258.0,0.0942675769329071,6100.0,0.147581189870834,12732.0,0.0591101795434952,14875.0,0.0284507777541876,0.250434279441833,0.200929626822472,0.163018509745598,0.267963767051697,0.226737886667252,0.17266933619976,0.156734883785248,0.288594990968704,115.949493408203,42.400203704834,33.2003974914551,107.475296020508,64.1619110107422,23.6908531188965,44.9686088562012,78.0161437988281,339718.75,161936.640625,489056.03125,213532.1875,275170.375,143244.28125,285322.5625,152153.390625,353234.25,172155.28125,480107.625,195938.78125,313444.125,171141.859375,259248.75,159686.078125,3
0,1.66740917961761e-07,-2.71253185246678e-07,6.14308675039865e-08,7.02067026736586e-08,-9.5736414351677e-09,-2.73846040954595e-07,-1.55571669324672e-07,7.69880372786247e-08,69.0,7.58347749710083,21095.0,0.0216616187244654,220.0,4.84627819061279,1615.0,0.186376675963402,48.0,8.20120716094971,58.0,7.55027103424072,11159.0,0.053409531712532,1555.0,0.360698461532593,0.187858507037163,0.261561244726181,0.156200259923935,0.298244416713715,0.260716736316681,0.230463892221451,0.172370284795761,0.227326989173889,103.613418579102,25.9125957489014,59.7093467712402,140.114990234375,127.039619445801,20.3724975585938,158.91748046875,124.904098510742,225282.4375,118696.1640625,316319.9375,148897.40625,194032.625,118453.390625,190189.703125,108970.546875,244719.46875,127327.4921875,355268.1875,159119.25,214520.296875,128142.2421875,185830.25,122323.96875,4
0,1.72325542280305e-07,3.06356525925366e-07,-1.68336526940038e-07,-1.18074915178568e-07,-2.62477328760724e-07,-2.55297116780184e-08,1.69134338534604e-07,1.25604188383477e-07,2063.0,0.182862266898155,88.0,8.22033023834229,914.0,0.749510109424591,1097.0,0.430048912763596,6476.0,0.0532027184963226,5230.0,0.0809597373008728,9125.0,0.0254752356559038,1064.0,0.326528459787369,0.317228674888611,0.25301918387413,0.150638893246651,0.199031099677086,0.261781394481659,0.21210241317749,0.366918653249741,0.203183129429817,39.5920104980469,47.2565727233887,66.916389465332,40.070198059082,28.0966567993164,46.9156837463379,81.9809722900391,57.463981628418,402724.09375,126706.7109375,218879.078125,125467.21875,232094.828125,127065.234375,223497.1875,127100.546875,223212.265625,129267.375,215528.5,115925.484375,230633.09375,127843.3515625,291676.5,128653.8515625,1
0,-1.39017259925822e-07,2.87209246607745e-07,-1.80303587171693e-07,3.61205508170315e-07,5.02616188668981e-08,1.45698862752397e-07,3.1912139597523e-09,1.55571669324672e-07,4637.0,0.0887782573699951,5403.0,0.0308107007294893,12733.0,0.0446173176169395,1434.0,0.330440551042557,299.0,0.89356940984726,8517.0,0.0372480154037476,628.0,0.803315937519073,4228.0,0.0940099656581879,0.347729116678238,0.434176862239838,0.164517626166344,0.180818870663643,0.392083317041397,0.244994163513184,0.308885276317596,0.191296190023422,231.558029174805,308.633361816406,33.9620895385742,178.958618164062,176.159759521484,163.546859741211,81.9344787597656,122.197532653809,415914.9375,117957.0390625,192494.0625,109496.21875,219691.125,118137.28125,251235.375,116643.171875,207225.8125,116941.640625,250271.09375,126481.671875,244192.265625,121710.046875,377321.65625,130664.71875,2
0,8.69605756292913e-08,-4.46769945483538e-08,3.38268677069209e-07,5.62451454300117e-08,-1.1967051793959602e-09,3.38268677069209e-07,5.14583220478926e-08,1.40413405347317e-07,16771.0,0.0158155392855406,158.0,1.02902317047119,24948.0,0.0422268733382225,82.0,9.00144481658936,47.0,12.5675916671753,115.0,7.34642219543457,29.0,11.868763923645,4076.0,0.100447222590446,0.35213914513588,0.45527783036232,0.145863816142082,0.188102215528488,0.367055118083954,0.241432592272758,0.403274089097977,0.229778543114662,198.081130981445,91.4743194580078,2.0126006603241,19.8411979675293,22.6486320495605,17.6052856445312,180.848129272461,96.3075942993164,398612.0,106291.140625,171021.1875,97515.765625,204264.859375,109617.2890625,264215.78125,107789.1484375,202601.65625,110513.7734375,247595.25,117653.609375,259561.21875,116831.6328125,357041.125,109140.953125,3
0,9.73320197772409e-08,7.75863853164083e-08,1.67538729556327e-08,6.70154918225307e-08,3.98901747189484e-08,1.57965089897516e-07,8.1375951310747e-08,-3.63798392299941e-07,8290.0,0.0310925487428904,61.0,10.0337619781494,22712.0,0.0470891483128071,58.0,4.48180294036865,35159.0,0.003548581385985,225.0,4.68589115142822,12539.0,0.0190404765307903,24548.0,0.0127212274819613,0.421432346105576,0.38108429312706,0.135820299386978,0.501575171947479,0.568372547626495,0.225886389613152,0.432108700275421,0.248362898826599,94.7784423828125,64.410514831543,54.6399879455566,511.171295166016,547.171936035156,64.2169342041016,223.188354492188,37.5263404846191,426506.5625,125858.546875,186002.8125,110567.828125,204372.40625,111672.9453125,303211.4375,118703.609375,197941.734375,115373.875,259153.9375,133140.75,242696.734375,125854.796875,364761.875,137069.28125,4
0,-1.9386624217077e-07,-2.29767394444025e-07,1.11692486370885e-08,1.26052952964528e-07,-2.01046475467592e-07,1.78707978193415e-07,9.25451999478355e-08,-5.86385553447144e-08,13177.0,0.0344858393073082,13339.0,0.0253757648169994,29458.0,0.0177401788532734,1028.0,0.631491422653198,64.0,7.73718643188477,30842.0,0.0144399078562856,20458.0,0.0167363565415144,27084.0,0.016175365075469,0.284107834100723,0.328571557998657,0.270226329565048,0.249512448906898,0.37946406006813,0.238713547587395,0.410514950752258,0.241043224930763,47.2184028625488,64.7228012084961,11.1686964035034,17.4141387939453,81.0104370117188,159.642761230469,71.8530883789062,43.8449249267578,416015.34375,247683.75,316567.84375,148233.9375,410470.6875,261969.375,293665.96875,170392.609375,582290.375,319109.5625,401479.0625,196383.8125,480283.625,309213.375,336094.0,194666.1875,1
0,-2.64870749333568e-07,-2.39341044760977e-08,2.39341034102836e-07,1.08900174211612e-07,-3.989017116623471e-09,-1.88281617852226e-07,8.17748571080301e-08,-4.32409478889895e-07,48.0,11.4476013183594,43.0,8.8226375579834,56.0,7.45407438278198,37.0,11.2646579742432,86.0,9.34841156005859,6144.0,0.146096423268318,104.0,3.79831051826477,13022.0,0.0295093394815922,0.312434703111649,0.319003999233246,0.297539979219437,0.31145828962326,0.352233499288559,0.207660242915154,0.461317986249924,0.257989495992661,30.3235054016113,125.222457885742,99.4294815063477,35.0302658081055,18.3282032012939,18.9999465942383,58.6886901855469,81.7445907592773,349662.25,192521.09375,289374.96875,137291.5,293262.15625,187730.65625,232356.703125,147293.28125,528299.375,335013.75,395463.8125,214345.84375,390056.875,262959.71875,308667.5,208583.0,2
0,-1.34828781028773e-07,9.17473954586967e-08,1.33532353174814e-07,-1.05708956255057e-07,1.76314571831426e-07,-1.70729947512882e-07,-7.33979206302138e-08,3.62202769110809e-07,31336.0,0.0148609234020114,31475.0,0.0137108033522964,35.0,9.42588901519775,63.0,5.17299222946167,2398.0,0.102818198502064,4962.0,0.118117086589336,76.0,8.76923751831055,20813.0,0.0152563285082579,0.221088588237762,0.262343913316727,0.238360017538071,0.291367679834366,0.403441548347473,0.220662102103233,0.37432137131691,0.312011063098907,190.709548950195,25.7744541168213,116.721458435059,142.227325439453,38.2694320678711,1.03699040412903,2.16024374961853,184.642883300781,306846.3125,142687.84375,267718.125,111497.9375,235083.9375,136152.625,196601.34375,116980.359375,392781.5625,227629.90625,338272.9375,137836.53125,321854.4375,204420.1875,230603.984375,157242.6875,3
0,-1.7551676023686e-07,5.26550287816008e-08,-1.11692486370885e-07,-1.72325542280305e-07,-5.66440476745811e-08,1.95461851149048e-07,-1.5956069798761502e-09,1.83494801575534e-08,57.0,8.92405796051025,60.0,11.8738126754761,63.0,6.07394456863403,3058.0,0.0678708925843239,26304.0,0.012036825530231,104.0,8.01023483276367,17632.0,0.008393844589591,43.0,7.13518714904785,0.194935917854309,0.304448336362839,0.33831912279129,0.400820344686508,0.362715303897858,0.280374228954315,0.502545535564423,0.468073964118958,162.995132446289,72.9234619140625,8.7448263168335,235.804244995117,9.59351825714111,51.4609451293945,77.9280014038086,9.702880859375,280305.1875,127747.390625,241153.84375,110851.984375,210032.3125,114645.765625,190348.875,124123.578125,365580.75,191834.75,349466.125,180048.953125,286877.6875,188407.5,273314.1875,205439.046875,4
0,1.19271618359562e-07,-2.47319064783369e-07,-1.14883697222012e-07,4.786820717583851e-09,6.38242795503174e-07,1.72325542280305e-07,3.78158830471875e-07,-2.93591682520855e-07,4540.0,0.214761883020401,35160.0,0.0315203815698624,28678.0,0.0242353677749634,55.0,11.7099142074585,1355.0,0.696524441242218,261.0,3.78321385383606,85.0,10.4870872497559,18096.0,0.0277215335518122,0.113381966948509,0.113932646811008,0.24081315100193,0.32707217335701,0.171023964881897,0.203983768820763,0.184077650308609,0.279382258653641,10.0924463272095,66.5625076293945,70.0415115356445,2.47637009620667,56.2805633544922,46.1765594482422,66.5188674926758,22.154052734375,357065.40625,182362.90625,256250.46875,147039.125,293418.03125,171597.4375,238720.6875,147164.96875,458944.75,242875.921875,380107.9375,221669.171875,334762.90625,216784.84375,278536.8125,202522.1875,1
0,-7.3587398219388e-07,2.87209243055031e-08,-6.30264764822641e-08,1.49987045006128e-07,-5.3851735515309e-08,3.19121369329878e-08,-4.94638143777593e-08,0.0,14642.0,0.0738785117864609,10663.0,0.0828490033745766,14917.0,0.0590478628873825,14960.0,0.0337959825992584,187.0,4.9464316368103,135.0,6.52894639968872,23062.0,0.0440643392503262,18113.0,0.047856543213129,0.114530436694622,0.134995460510254,0.168774232268333,0.3882015645504,0.165149837732315,0.21747051179409,0.194736361503601,0.223486855626106,41.2243881225586,34.8628463745117,64.1969909667969,167.655670166016,69.0614318847656,68.4789733886719,73.0752105712891,35.2518653869629,338226.5625,143607.8125,216751.28125,118249.265625,239318.84375,144648.375,182828.125,117020.7578125,384977.53125,202523.75,291621.0,190491.65625,267917.5,166974.59375,209112.6875,160252.53125,2
0,3.8135004842843e-07,-1.75516756684146e-08,-1.11692486370885e-08,-8.65616769374355e-08,2.10221216434547e-07,6.06330630148477e-08,9.5736414351677e-09,-1.18074915178568e-07,21715.0,0.0333538353443146,21079.0,0.0259861629456282,22960.0,0.0153363700956106,28042.0,0.0125922728329897,95.0,5.53055763244629,3067.0,0.151573911309242,167.0,2.74494123458862,204.0,1.12672293186188,0.172888308763504,0.215874955058098,0.425318032503128,0.458969086408615,0.25628188252449,0.285677075386047,0.386631697416306,0.447769314050674,11.492413520813,14.5859842300415,26.607400894165,141.384063720703,99.4128723144531,22.9306468963623,223.00227355957,42.6448059082031,380750.625,180430.21875,224514.171875,131391.75,236090.65625,149780.515625,214698.734375,144522.703125,451310.6875,248208.9375,284565.6875,185284.75,292268.375,198008.25,214418.8125,164762.1875,3
0,-1.10096877392607e-07,3.86934679852402e-08,3.35077459112654e-08,2.52105905929056e-07,2.0124592481352e-07,-2.80826810694634e-07,1.91472828703354e-08,-4.06879756553735e-08,4095.0,0.233533442020416,216.0,4.89536094665527,81.0,10.1787071228027,224.0,1.30857014656067,18381.0,0.0526224859058857,34132.0,0.0186800267547369,7918.0,0.108731582760811,441.0,0.647427320480347,0.183047980070114,0.18836498260498,0.279079347848892,0.583592593669891,0.211916863918304,0.309551179409027,0.248226255178452,0.424286365509033,35.0615844726562,47.0752449035645,34.3162651062012,1.04156517982483,35.8456687927246,0.189209014177322,59.8822631835938,0.213262692093849,393498.71875,187597.859375,254357.46875,133653.0,239944.015625,165749.90625,192016.59375,129049.375,442497.25,237067.921875,291758.34375,191934.0,289086.0,202204.5,220852.40625,174756.828125,4
0,7.65891314813416e-08,-1.91472828703354e-08,-4.06879756553735e-08,1.30839765688506e-07,7.97803494378968e-08,-8.05781468216082e-08,3.76563235704452e-07,-6.30264764822641e-08,33.0,6.09311676025391,207.0,1.56258594989777,1420.0,0.0650059431791306,20693.0,0.0063352542929351,56.0,12.2220554351807,17504.0,0.0235865563154221,15451.0,0.0107871452346444,66.0,8.25505065917969,0.51420646905899,0.379571795463562,0.716323018074036,0.734073877334595,0.283913046121597,0.313794732093811,0.603732287883759,0.375181555747986,4.17212772369385,2.1200430393219,709.835327148438,88.990852355957,13.0356502532959,166.251327514648,6.95426940917969,87.7201309204102,164045.4375,112182.734375,349940.0625,161777.484375,188340.21875,124625.6015625,161733.84375,132442.859375,376016.03125,182231.859375,289890.90625,167141.8125,188428.28125,119003.15625,260418.375,193448.625,1
0,-8.85561846075689e-08,-7.81847404596192e-08,0.0,-1.27648558390092e-08,0.0,-1.33233172050495e-07,3.76962141501735e-08,-1.08900174211612e-07,12186.0,0.0270843878388405,3556.0,0.134102150797844,65.0,4.01381063461304,73.0,7.17827939987183,93.0,11.9772453308105,4246.0,0.221118405461311,9995.0,0.0937894955277443,11171.0,0.0845919474959373,0.313212037086487,0.276210516691208,0.478728324174881,0.412578999996185,0.199784651398659,0.178992837667465,0.168392673134804,0.13141442835331,57.479663848877,94.8029098510742,252.864654541016,81.4871063232422,9.24409580230713,34.7277908325195,50.7803688049316,47.0285224914551,175707.8125,117973.046875,296622.25,133175.125,268246.4375,154103.859375,175369.796875,113999.171875,361944.75,183899.78125,301326.8125,140782.5,212741.296875,133118.21875,180015.9375,124119.46875,2
0,1.43604621527516e-08,1.59560698875794e-07,5.26550287816008e-08,1.27648547731951e-07,-4.82671111967647e-08,-1.39017259925822e-07,-4.31212782814328e-07,8.88553586264607e-08,29280.0,0.013969998806715,657.0,0.747637033462524,45.0,5.1860990524292,12641.0,0.0087641086429357,19090.0,0.0387512668967247,14448.0,0.0533611439168453,4982.0,0.194215416908264,11090.0,0.0756830051541328,0.292092829942703,0.318790584802628,0.595370471477509,0.717742800712585,0.256794393062592,0.205925390124321,0.145053803920746,0.154121920466423,178.013107299805,24.8242721557617,0.880264341831207,227.189361572266,63.4201812744141,9.10142135620117,32.6099166870117,54.4108352661133,169357.8125,119673.8125,309285.9375,146518.421875,177549.5625,121344.140625,164461.1875,114446.953125,417427.28125,214695.90625,353108.84375,155337.03125,261188.421875,191173.609375,177808.625,133107.375,3
0,2.63275143908004e-08,-6.52702993875209e-08,5.22561265370314e-08,8.93539890967077e-08,1.13288095349162e-07,-1.29244156710229e-07,6.06330630148477e-08,9.50882039774115e-08,264.0,1.3380674123764,9300.0,0.0556494519114494,89.0,3.07985877990723,1620.0,0.230933502316475,144.0,6.66992092132568,35.0,13.7593822479248,5020.0,0.159617274999619,4999.0,0.176051020622253,0.393981635570526,0.337452858686447,0.593850493431091,0.46938493847847,0.246426463127136,0.300251215696335,0.21532815694809,0.218074291944504,1.31977903842926,47.6806106567383,32.199779510498,22.4951457977295,44.7991790771484,16.9856357574463,0.56659060716629,0.495377391576767,171768.90625,124621.34375,347606.3125,162988.21875,176079.765625,125072.8828125,195932.078125,129165.015625,462592.5,223642.4375,382856.375,195848.0,232126.21875,165731.90625,283080.6875,204525.0,4
0,9.89276287555185e-08,-1.11692486370885e-08,1.99450873594742e-08,7.8982544948758e-08,-4.78682089521953e-08,-2.82422433883767e-07,9.7730925574524e-08,-9.41408089261131e-08,5305.0,0.139753878116608,20839.0,0.0249104686081409,93.0,5.21805572509766,48.0,3.90071988105774,80.0,8.69689559936523,20511.0,0.022384200245142,77.0,5.96518564224243,27.0,11.3989639282227,0.228127896785736,0.299975126981735,0.318493723869324,0.677012801170349,0.266636669635773,0.30671364068985,0.465051829814911,0.633169174194336,88.6042709350586,8.2595329284668,74.0426940917969,203.942398071289,70.7878952026367,9.84749221801758,75.4959411621094,122.759483337402,470290.0625,204545.328125,354730.59375,184465.96875,178576.875,126431.21875,244811.75,160447.5625,521314.375,242047.625,393967.0,198506.4375,183527.5,134028.03125,244364.78125,194220.984375,1
0,-1.69134338534604e-07,3.1912139597523e-09,-7.65891314813416e-08,-5.90374575892838e-08,-2.904004645643e-07,3.07154323309078e-07,-1.35626592623339e-07,4.94638143777593e-08,2848.0,0.31887149810791,2838.0,0.301014542579651,12725.0,0.0704658553004265,34.0,14.694860458374,2784.0,0.351110309362411,21743.0,0.0400874242186546,53.0,10.2972974777222,115.0,5.34344482421875,0.205168262124062,0.223164439201355,0.25750133395195,0.463431030511856,0.23356893658638,0.236140236258507,0.320170283317566,0.323617249727249,36.0211181640625,39.8399772644043,52.3411293029785,102.122543334961,37.0140113830566,94.4989318847656,60.0009117126465,86.6873092651367,461000.1875,218454.6875,394810.34375,206259.4375,192029.890625,140671.59375,233814.203125,158892.484375,527284.8125,264256.375,456643.625,228745.6875,179509.71875,146832.96875,204378.59375,155825.71875,2
0,-2.64870749333568e-07,1.11692486370885e-07,1.02916644095785e-07,4.78682089521953e-08,-1.59560698875794e-07,1.29244156710229e-07,-1.47394189298211e-07,-1.14484798530157e-07,24671.0,0.0224395878612995,2633.0,0.158181190490723,88.0,2.4719603061676,4732.0,0.0326350294053555,119.0,4.12328577041626,67.0,6.47610902786255,29.0,10.7494678497314,15644.0,0.009029846638441,0.261632800102234,0.352566689252853,0.609032452106476,0.685058951377869,0.384823501110077,0.347223818302155,0.540037393569946,0.655557990074158,7.98684978485107,1.07019150257111,3.74029684066772,5.00890016555786,0.789971053600311,7.99213600158691,1.41492295265198,3.22402930259705,417506.75,199657.390625,373758.59375,203912.1875,158851.5,120774.4375,160965.8125,114767.984375,477045.3125,255667.515625,404122.96875,198575.953125,145198.5,113620.90625,146415.0625,124791.65625,3
0,-1.53178262962683e-07,3.51033513368293e-08,-2.71253171035823e-08,-1.10096877392607e-07,2.45723470015946e-07,-1.59560684664939e-08,4.42780923037844e-08,1.30839765688506e-07,192.0,5.18145036697388,4273.0,0.177771225571632,85.0,8.0388126373291,26713.0,0.0221860744059086,113.0,9.2211971282959,174.0,5.69234228134155,30601.0,0.0226369556039572,84.0,10.0156888961792,0.188033252954483,0.232624799013138,0.275475233793259,0.294188350439072,0.195301070809364,0.197971388697624,0.302766382694244,0.256912499666214,16.5113048553467,98.7730712890625,83.4786224365234,17.2266082763672,63.0241546630859,64.9963531494141,5.26131200790405,64.5103912353516,482318.46875,258768.21875,456497.65625,254893.46875,291774.5625,219333.546875,208266.84375,159203.59375,554711.5625,290907.90625,544014.125,275645.40625,237961.40625,198524.40625,201558.921875,162732.125,4
0,9.57364179043907e-08,5.93366316081756e-08,-1.19670522380488e-08,-8.21737557998858e-08,1.14883697222012e-07,-2.35352022315283e-08,1.08501268414329e-07,-5.58462431854423e-08,844.0,0.9569091796875,847.0,1.00900983810425,54.0,14.4578809738159,69.0,10.4798946380615,694.0,1.28345763683319,28853.0,0.0310860741883516,805.0,1.16996943950653,117.0,6.92313766479492,0.168531432747841,0.199748665094376,0.264729112386703,0.24252213537693,0.152626559138298,0.174628734588623,0.213768780231476,0.220860779285431,2.23733878135681,2.14980268478394,4.79206514358521,6.42187595367432,1.8115040063858,56.4319534301758,1.77067232131958,3.46190118789673,163648.4375,109014.0703125,140645.6875,83188.84375,172401.765625,97036.015625,154185.03125,96048.6484375,332911.75,157823.375,249734.6875,119094.8359375,126463.8046875,98356.4609375,136994.96875,77606.125,1
0,-2.28171785465747e-07,3.19121369329878e-08,7.18023116519362e-08,2.55297116780184e-08,-3.11143359965627e-08,-5.42506342071647e-08,-1.46795841260428e-07,-2.10620115126403e-07,1127.0,0.582529067993164,1124.0,0.67923641204834,61.0,12.4683933258057,76.0,13.551908493042,896.0,1.08681225776672,31425.0,0.0311825424432755,135.0,6.18879652023315,21227.0,0.0377467535436153,0.201538294553757,0.228016018867493,0.249041303992271,0.189447373151779,0.175510048866272,0.158908516168594,0.263542175292969,0.181816026568413,15.4970207214355,13.4593191146851,11.1936197280884,9.10288333892822,10.7095851898193,67.8753051757812,10.935341835022,7.46847486495972,237222.40625,149647.140625,197223.90625,112748.359375,213232.28125,133755.078125,273691.5625,147216.6875,456998.78125,196952.34375,327194.8125,159325.59375,226521.0,156800.84375,257250.75,112539.7734375,2
0,1.51582657537119e-08,-3.989017116623471e-09,3.51033513368293e-08,3.1912139597523e-09,4.86660098886205e-07,-3.65393987067364e-07,-2.71253171035823e-08,8.10767772918553e-08,6838.0,0.0840215161442757,363.0,2.57437753677368,23323.0,0.0255847796797752,23566.0,0.0356685779988766,76.0,14.2744369506836,369.0,2.52806305885315,37862.0,0.0276766233146191,33903.0,0.0207280516624451,0.199201583862305,0.168709143996239,0.298572391271591,0.207312449812889,0.139232039451599,0.1534084379673,0.1905637383461,0.18139174580574,110.866455078125,65.3300323486328,1.34009826183319,0.288583666086197,0.419391274452209,65.0475997924805,74.0432815551758,90.0946960449219,232619.78125,154069.3125,159003.0625,95443.609375,189222.65625,120333.4921875,206769.3125,118453.9453125,387812.1875,181898.953125,285653.9375,135224.734375,189140.984375,134202.75,188122.65625,107488.953125,3
0,-1.40413405347317e-07,6.382427919504611e-09,-1.59560684664939e-08,2.07753004133338e-07,-2.44127846826814e-07,-1.53976074557249e-07,6.6217687333392e-08,1.26152670532065e-07,282.0,2.91865706443787,7099.0,0.104956969618797,204.0,2.2395031452179,1168.0,0.499641746282578,317.0,2.94011211395264,299.0,2.83767771720886,364.0,2.57038736343384,118.0,7.25508880615234,0.194421127438545,0.20599927008152,0.3581902384758,0.33563169836998,0.196331292390823,0.200533971190453,0.230341210961342,0.221564158797264,2.06338763237,19.3378105163574,4.60873460769653,3.18839144706726,2.0769624710083,2.19083476066589,71.3159103393555,2.08175373077393,258001.875,158752.703125,188110.09375,119917.0,234528.71875,150732.21875,263653.53125,153318.09375,464939.5,201414.5,349085.75,170394.46875,232970.640625,157995.875,182163.34375,133702.03125,4
0,4.7509195155726e-07,-1.00922136425652e-07,1.55571669324672e-07,-9.57364179043907e-08,8.05781468216082e-08,-1.06905666541479e-07,1.11692486370885e-07,5.74418486110062e-08,17613.0,0.027546988800168,710.0,0.266008853912354,31.0,10.6563148498535,86.0,5.48425579071045,6975.0,0.0625301748514175,46.0,11.7262163162231,10060.0,0.0148084573447704,44.0,11.1329097747803,0.299617886543274,0.546269953250885,0.572306334972382,0.550178706645966,0.361774653196335,0.389715880155563,0.765839874744415,0.512473583221436,75.2407989501953,54.1706352233887,263.029846191406,165.545959472656,44.0673027038574,120.572494506836,331.172027587891,69.7927398681641,353821.8125,225617.0625,169916.984375,113996.6953125,367743.8125,257874.984375,361384.0625,237785.5625,523385.6875,323960.625,408962.96875,258524.765625,170407.15625,152815.6875,207414.984375,180753.125,1
0,-4.3879190059215e-08,-1.27648558390092e-08,-2.55297116780184e-08,7.81847404596192e-08,-3.11143338649345e-07,9.41408089261131e-08,-1.22263386970189e-07,1.6354971421606e-07,10369.0,0.0405764542520046,63.0,3.65077495574951,24135.0,0.0124090705066919,224.0,1.67381310462952,1744.0,0.283505111932755,148.0,3.92635107040405,10608.0,0.0292226634919643,500.0,0.767301499843597,0.289805829524994,0.426058024168015,0.496198356151581,0.482996970415115,0.328374832868576,0.306702017784119,0.56987076997757,0.476643979549408,160.598556518555,243.033889770508,59.9552574157715,214.4111328125,20.4754505157471,88.078254699707,105.44157409668,141.81266784668,286712.8125,165252.75,165467.3125,108883.59375,334713.625,185557.625,374222.78125,177847.796875,505460.875,266070.6875,367366.25,205124.765625,195898.90625,147617.15625,215768.515625,188379.0625,2
0,1.91472835808781e-07,1.14434932640961e-07,-4.14857801445123e-08,-2.66466344100991e-07,-2.26576190698324e-07,-9.57364179043907e-08,-1.48391450238705e-07,-2.87209246607745e-07,28673.0,0.0148196471855044,679.0,0.303576052188873,331.0,0.74571281671524,22193.0,0.0116718215867877,8166.0,0.0445259101688862,132.0,4.1654052734375,31.0,12.1643266677856,1730.0,0.251234769821167,0.387016773223877,0.546937048435211,0.7555832862854,0.622904717922211,0.387295067310333,0.365860790014267,0.688896834850311,0.357003927230835,25.5683975219727,41.4925765991211,41.4521522521973,155.918807983398,24.1802787780762,17.6505355834961,19.6117057800293,35.0435943603516,300370.5625,251578.390625,159469.25,109245.234375,456081.6875,375642.5,396792.8125,299370.625,590177.5,460458.0625,429535.875,321271.96875,279345.8125,280675.34375,288054.84375,242878.8125,3
0,-1.02118846712074e-07,2.45324560665949e-08,6.70154918225307e-08,-2.87209243055031e-08,-7.33979206302138e-08,-2.55297116780184e-08,-5.58462431854423e-08,8.61627711401525e-08,18478.0,0.0231875460594893,1657.0,0.100631058216095,15.0,12.2287006378174,249.0,1.56645941734314,434.0,0.732746660709381,38.0,10.1396102905273,16379.0,0.0166801456362009,33407.0,0.009681649506092,0.390160381793976,0.622238993644714,0.839526116847992,0.665375769138336,0.461790412664413,0.474978178739548,0.848731279373169,0.366123676300049,32.4154663085938,23.9924621582031,308.219329833984,110.736694335938,222.768997192383,245.795608520508,122.045761108398,47.739086151123,337270.0,305542.875,157330.59375,112546.5,512226.09375,410418.1875,420470.375,335806.625,692018.625,484120.4375,489705.875,349361.5625,354782.8125,325719.84375,324918.625,275629.1875,4
0,-4.14857801445123e-08,-3.1912139597523e-09,-5.50484386963035e-08,1.81899196149971e-07,3.73372017747897e-07,-2.34554221378858e-07,7.97803489938076e-10,-6.30264764822641e-08,108.0,7.8375096321106,56.0,3.44402480125427,4841.0,0.0205688569694757,9998.0,0.0186411514878273,27165.0,0.0343706235289574,74.0,9.05305480957031,3115.0,0.109085157513618,24402.0,0.0043659806251525,0.213668242096901,0.444944679737091,0.633884906768799,0.518089115619659,0.14425228536129,0.244658902287483,0.250593692064285,0.715591549873352,55.254451751709,256.766235351562,483.734893798828,411.568359375,52.0740051269531,45.4457168579102,9.52196502685547,665.64794921875,262242.8125,111813.515625,138998.15625,92993.2734375,185173.40625,80605.6171875,264051.5,109613.875,503167.375,152051.015625,216749.796875,119263.328125,174582.546875,88285.71875,131624.84375,100957.546875,1
0,2.29767394444025e-07,-1.27648558390092e-08,1.75516756684146e-08,1.14883697222012e-07,-3.82945657406708e-08,8.05781468216082e-08,1.3881779636904e-07,8.21737557998858e-08,53.0,11.1214046478271,90.0,2.3839545249939,87.0,1.7910019159317,351.0,1.29386270046234,4819.0,0.219478875398636,3668.0,0.196601629257202,72.0,6.70130252838135,68.0,1.54287993907928,0.236322328448296,0.467686474323273,0.612605810165405,0.381103187799454,0.109480664134026,0.199312299489975,0.297843039035797,0.769857823848724,22.085916519165,52.1106033325195,67.8341522216797,33.9472351074219,14.589165687561,12.4662036895752,31.6876659393311,104.273307800293,245679.03125,107668.375,147325.96875,98285.625,185514.078125,79010.8046875,276598.1875,111893.9375,446207.96875,155150.421875,202538.6875,111337.140625,170643.90625,86914.0078125,140149.265625,100284.03125,2
0,3.57017057694975e-07,1.46795841260428e-07,5.67188385147688e-09,1.67538729556327e-08,4.7229966071427e-07,-2.87209243055031e-08,-5.26550287816008e-08,-1.06905666541479e-07,23763.0,0.015658451244235,53.0,4.04425144195557,5645.0,0.0246514175087214,54.0,4.27285814285278,1667.0,0.567940294742584,101.0,3.78852128982544,18369.0,0.0129122985526919,42.0,5.07663106918335,0.223487213253975,0.425607442855835,0.599289953708649,0.44576621055603,0.132427379488945,0.256693422794342,0.333809792995453,0.654454171657562,134.573181152344,240.369842529297,247.330596923828,128.201324462891,50.8762512207031,7.47929716110229,301.374694824219,14.5311136245728,281944.46875,114227.953125,156857.9375,102207.921875,200234.96875,83788.875,276109.53125,112137.25,520342.4375,162932.03125,228008.84375,120021.453125,193168.15625,93998.5,138071.3125,107050.015625,3
0,4.46769945483538e-08,-2.76239461527439e-07,3.35077459112654e-08,-1.67538729556327e-08,-8.43278257889324e-07,3.22312587286433e-07,1.83494790917393e-07,9.5736414351677e-09,76.0,6.38739585876465,28.0,9.97395038604736,10339.0,0.0171460248529911,788.0,0.235629469156265,225.0,4.54841661453247,19625.0,0.0362283959984779,2294.0,0.137100636959076,8548.0,0.0112972091883421,0.247922971844673,0.41871577501297,0.616314351558685,0.562930762767792,0.0968906357884407,0.208923280239105,0.337963491678238,0.749726295471191,117.271492004395,220.518905639648,307.402770996094,97.6947631835938,11.7548713684082,45.2248992919922,217.534362792969,571.2978515625,307448.5,165593.671875,193944.875,128584.8828125,207471.96875,106145.46875,253257.03125,129798.984375,530488.0,186121.765625,289171.8125,155766.09375,208019.5,127700.4140625,160080.21875,127499.2109375,4
