,AF3 Mean,AF3 Peak_to_Peak_Time,AF3 Peak_to_Peak_Slope,AF3 Mobility,AF3 LAR,AF3 Beta_Power,AF3 Gamma_Power,AF4 Mean,AF4 Peak_to_Peak_Time,AF4 Peak_to_Peak_Slope,AF4 Mobility,AF4 LAR,AF4 Beta_Power,AF4 Gamma_Power,F7 Mean,F7 Peak_to_Peak_Time,F7 Peak_to_Peak_Slope,F7 Mobility,F7 LAR,F7 Beta_Power,F7 Gamma_Power,F3 Mean,F3 Peak_to_Peak_Time,F3 Peak_to_Peak_Slope,F3 Mobility,F3 LAR,F3 Beta_Power,F3 Gamma_Power,F4 Mean,F4 Peak_to_Peak_Time,F4 Peak_to_Peak_Slope,F4 Mobility,F4 LAR,F4 Beta_Power,F4 Gamma_Power,F8 Mean,F8 Peak_to_Peak_Time,F8 Peak_to_Peak_Slope,F8 Mobility,F8 LAR,F8 Beta_Power,F8 Gamma_Power,FC5 Mean,FC5 Peak_to_Peak_Time,FC5 Peak_to_Peak_Slope,FC5 Mobility,FC5 LAR,FC5 Beta_Power,FC5 Gamma_Power,FC6 Mean,FC6 Peak_to_Peak_Time,FC6 Peak_to_Peak_Slope,FC6 Mobility,FC6 LAR,FC6 Beta_Power,FC6 Gamma_Power,label
0,3.82945657406708e-08,-5.42506342071647e-08,1.3921670927175e-07,6.22286719931253e-08,4.46769945483538e-08,-3.47842302517165e-07,-1.72325542280305e-07,-1.07703471030618e-07,27672.0,0.0034154476597905,12882.0,0.0066672405228018,1035.0,0.0980504229664803,4332.0,0.0230429470539093,5427.0,0.0250373370945454,5207.0,0.0227769389748573,5207.0,0.0226909201592207,1654.0,0.0901050865650177,0.86873197555542,0.933679461479187,0.882881343364716,0.961727440357208,0.847898244857788,0.876292884349823,0.925187289714813,0.884104430675507,32.7499923706055,564.639099121094,368.821716308594,101.852363586426,274.111999511719,99.7882308959961,97.5518341064453,190.199508666992,539047.625,105954.1875,486680.90625,126167.0625,646221.8125,107782.53125,913142.125,133975.78125,827965.25,184939.546875,1138214.5,140551.8125,1174065.5,137976.859375,1393274.125,76700.390625,1
0,1.89877226830504e-07,-7.14034129600805e-08,8.775837834207321e-09,8.21737557998858e-08,-2.48914687972501e-07,1.49189247622417e-07,-2.13811333082958e-07,-1.3881779636904e-07,24144.0,0.002900704042986,265.0,0.260766714811325,24617.0,0.0031796304974705,11322.0,0.0063264137133956,18842.0,0.00485883327201,23033.0,0.0041056582704186,22492.0,0.003721461398527,13522.0,0.0066389050334692,1.01650047302246,0.949568033218384,0.959258556365967,1.03370404243469,0.927778542041779,0.978483021259308,1.00094854831696,1.01135504245758,645.803283691406,70.1807327270508,873.677551269531,1000.13708496094,418.838928222656,535.758483886719,149.550140380859,427.175048828125,310942.25,229941.9375,248111.765625,132754.09375,330501.25,169407.3125,674969.125,128963.734375,691697.0625,131510.5625,1207521.625,133813.46875,1168951.5,135693.265625,1209055.375,111624.40625,2
0,-6.382427919504611e-09,1.94664039554482e-07,2.23384972741769e-08,-4.14857801445123e-08,-1.9984976518117e-07,-3.90923702298096e-08,-2.23384972741769e-07,-1.30041968304795e-07,5402.0,0.0134795429185033,4504.0,0.0167192537337542,911.0,0.0822843834757805,337.0,0.182001814246178,7883.0,0.0137858092784882,5172.0,0.0185018386691809,31920.0,0.0026388340629637,1102.0,0.0708350613713264,0.963299512863159,0.983502209186554,0.919791102409363,1.03979790210724,0.892865002155304,0.954506695270538,1.00762152671814,1.05471968650818,511.240692138672,665.540771484375,1070.80834960938,532.742980957031,318.747619628906,665.890075683594,882.742614746094,49.0885467529297,262031.53125,142398.96875,182441.046875,166932.703125,258752.875,120126.5,552128.0625,94248.5546875,739475.5625,110197.1875,1096367.0,121561.3515625,1004782.125,115004.4375,869449.6875,171346.21875,3
0,2.63275143908004e-08,-4.46769945483538e-08,1.36424390007051e-07,1.11692486370885e-08,1.65943120578049e-07,3.03165315074239e-08,-9.25451999478355e-08,-2.07827795861704e-07,23206.0,0.0033038828987628,14104.0,0.0044258823618292,17652.0,0.0037113355938345,25098.0,0.0025931494310498,74.0,1.45230686664581,10206.0,0.0083478400483727,180.0,0.522100925445557,26162.0,0.0028598483186215,1.02667462825775,1.03762698173523,1.04638540744781,1.05288469791412,0.932660222053528,0.99390172958374,1.01171815395355,1.01452350616455,861.021118164062,363.22265625,474.740966796875,91.8445663452148,74.9601135253906,27.7319297790527,98.082405090332,2.8578097820282,225073.8125,314822.15625,229669.9375,250776.21875,198219.15625,254578.0625,459143.375,321236.75,638425.375,239369.671875,1002823.125,150440.5,890487.625,183431.734375,1090119.375,89572.0546875,4
0,1.0909962355754e-07,-5.36024202801855e-08,-3.1912139597523e-09,-3.07154323309078e-07,5.62451454300117e-08,1.56369480919238e-07,-6.70154918225307e-08,2.3934103587919303e-09,9780.0,0.0156378522515297,146.0,0.945715069770813,9911.0,0.0132516697049141,25287.0,0.0072486861608922,15602.0,0.0096559422090649,5184.0,0.0313765369355679,11963.0,0.0146681871265173,2017.0,0.0729523226618767,0.790193796157837,0.88305389881134,0.895466208457947,0.815172255039215,0.875662922859192,0.748360216617584,0.834813058376312,0.75142627954483,602.677856445312,92.1578979492188,168.870635986328,8.15415096282959,319.530822753906,8.358078956604,9.84544086456299,491.674194335938,1187388.25,123053.78125,982048.5625,234282.34375,918996.375,268781.21875,1387115.0,171139.125,1069215.5,165516.40625,1267659.75,189620.96875,1137534.0,217160.0,1250261.25,114950.28125,1
0,8.5364973756441e-08,-2.30565206038591e-07,9.65342223935295e-08,2.7923121592721104e-09,7.4993522503064e-08,-3.87433303217222e-08,8.45671692673022e-08,4.18846823890817e-08,7558.0,0.0194932650774717,11829.0,0.0129586514085531,11613.0,0.0139839118346572,2165.0,0.0607257783412933,710.0,0.236405342817307,23449.0,0.0063492050394415,30689.0,0.0047272401861846,6936.0,0.0210408885031939,0.825125098228455,0.967370212078094,0.987232387065887,0.803311824798584,0.957594990730286,0.766960024833679,0.876112878322601,0.787317335605621,406.047668457031,611.227294921875,392.440063476562,19.6035900115967,378.720367431641,107.540100097656,0.781770050525665,145.595703125,1557984.25,57960.71875,1072483.75,204307.46875,1039746.5,243928.46875,1393590.625,182334.28125,1025672.0625,190798.265625,1392613.75,201188.21875,1241166.625,213961.9375,1546933.5,63294.2734375,2
0,2.83220238372905e-08,9.11490474209131e-08,-8.89550832994246e-08,1.28446359326517e-07,-4.67512819568583e-07,8.93539890967077e-08,-3.51033513368293e-08,-4.86660098886205e-08,13259.0,0.0076353633776307,2637.0,0.0542052835226059,16246.0,0.0098463986068964,2043.0,0.0605603829026222,3952.0,0.0350936725735664,5048.0,0.0281564351171255,14965.0,0.0085957581177353,11800.0,0.0091486200690269,0.939799845218658,0.945674240589142,0.912979304790497,0.858559429645538,0.929536998271942,0.830351710319519,0.872760713100433,0.90558785200119,582.240356445312,196.777297973633,422.765563964844,343.995513916016,487.708160400391,262.024291992188,278.062622070312,457.088989257812,1508914.25,43174.3359375,1109638.75,200575.1875,1082891.75,195416.59375,1437375.75,181158.484375,1061965.375,208714.4375,1339749.5,204114.640625,1303338.0,216436.484375,1498220.75,49553.67578125,3
0,-2.07927527640095e-07,8.01792481297525e-08,9.41408089261131e-08,1.05310057563202e-07,-9.5736414351677e-09,2.23384972741769e-08,-1.69134338534604e-07,2.71253185246678e-07,697.0,0.156366989016533,8070.0,0.0167733822017908,330.0,0.311835885047913,14135.0,0.0110810026526451,1126.0,0.0911261215806007,35965.0,0.0037101628258824,14470.0,0.010498920455575,9563.0,0.0122746368870139,0.859981000423431,0.883057296276093,0.972820162773132,0.785864233970642,0.957226991653442,0.757924795150757,0.848488032817841,0.836202561855316,603.876220703125,466.491546630859,307.515808105469,199.610595703125,441.008758544922,560.608215332031,18.4543743133545,162.476440429688,1043884.875,110171.015625,1105523.875,210500.28125,958439.0625,258046.8125,1243212.875,195054.375,1014498.75,181048.28125,1306637.25,191215.578125,1235955.75,230085.96875,1092131.75,96861.5625,4
0,-2.95187287946419e-08,3.98901747189484e-08,-3.35077459112654e-08,-1.14085892732874e-07,1.5716727830295e-07,-1.46795841260428e-07,-5.03613417635052e-09,3.16727977178743e-07,11734.0,0.0104004228487611,28196.0,0.0042845867574214,3833.0,0.02823281660676,23310.0,0.0048241508193314,5638.0,0.0198545213788748,4119.0,0.0384574234485626,30732.0,0.0038907672278583,34191.0,0.0034967986866831,0.776557922363281,0.916267573833466,0.927503287792206,0.898808181285858,0.860312938690186,0.718735933303833,0.922243535518646,0.811812162399292,375.915435791016,500.044952392578,585.9130859375,90.4663467407227,502.224182128906,270.702575683594,529.969848632812,603.674011230469,1088828.0,233097.46875,915038.875,171004.859375,864523.6875,184629.75,911670.25,336504.8125,945018.6875,198107.28125,1474188.875,190635.859375,1207039.125,197283.3125,1310544.75,236888.6875,1
0,2.67264166353698e-08,9.33430044369743e-08,1.11293580573602e-07,1.02517745403929e-07,-1.35626592623339e-07,7.10045071627974e-08,-2.15107760936917e-07,-3.98901744969038e-10,410.0,0.302574157714844,8178.0,0.0112101994454861,16764.0,0.0052584302611649,5486.0,0.0172459632158279,323.0,0.339868873357773,9140.0,0.0173968262970448,21587.0,0.0050926706753671,9433.0,0.011707347817719,0.871102929115295,1.03575718402863,0.973524510860443,0.986443281173706,0.914190411567688,0.735435545444489,0.924557626247406,0.913148939609528,43.4448547363281,50.2952308654785,406.541595458984,700.918518066406,39.3813323974609,110.036422729492,3.32376217842102,248.424346923828,1005812.3125,127544.921875,753902.4375,132832.609375,828282.5,163256.1875,1106170.125,197032.40625,979177.25,138532.234375,1678784.25,116913.421875,950057.25,234474.34375,1266005.5,144830.90625,2
0,2.87209243055031e-08,-9.89276287555185e-08,9.97254332446573e-08,-1.59560698875794e-07,-1.29244156710229e-07,-1.42009014325595e-07,-1.19670522380488e-08,2.1939594585518303e-09,32428.0,0.0033412235789001,25529.0,0.0037937080487608,3450.0,0.0261005368083715,25424.0,0.0040427036583423,3384.0,0.0301499646157026,28302.0,0.0041527915745973,467.0,0.233530476689339,13.0,6.63606071472168,0.930866658687592,0.940171837806702,0.942181468009949,0.946338593959808,0.900469660758972,0.756473422050476,0.969037771224976,1.09349381923676,847.826721191406,113.405197143555,89.8163604736328,100.259063720703,263.914154052734,583.797119140625,99.2407913208008,142.681030273438,527008.625,72410.28125,1156492.125,168749.609375,1486304.5,123924.734375,1348521.125,166791.0625,922752.625,203383.875,1581047.75,122373.109375,1092205.5,176273.28125,1130949.875,76809.65625,3
0,-9.32432797640104e-09,1.35227693931483e-07,3.48640099900877e-07,1.81001666987868e-07,3.19121369329878e-08,1.52380465578972e-07,6.22286719931253e-08,5.98352585257089e-08,5599.0,0.0183277707546949,18912.0,0.0066666011698544,2168.0,0.0626305788755417,2396.0,0.0546842664480209,646.0,0.159633532166481,2984.0,0.0626221522688866,15727.0,0.0098506594076752,32146.0,0.0032495525665581,0.984008729457855,0.816483497619629,0.799027442932129,0.795824289321899,0.891102969646454,0.744386851787567,0.897527277469635,1.03379082679749,49.2840881347656,355.868682861328,40.2192459106445,428.94091796875,551.063659667969,0.0098791103810071,306.912872314453,47.5658187866211,491163.75,59655.66015625,1221165.25,105079.1171875,868635.125,77563.796875,1193933.5,128155.9375,1033930.625,91992.9375,1135581.75,152611.015625,1068104.375,149804.015625,970738.125,65917.34375,4
0,1.79505776909394e-09,-7.62899574624498e-08,6.90099994926641e-08,5.185722518064041e-09,3.26700529740265e-07,1.3921670927175e-07,-1.05310057563202e-07,3.79455258325834e-08,26292.0,0.0044761304743588,6638.0,0.015052393078804,30639.0,0.0034042021725326,6627.0,0.0163864511996508,4336.0,0.0332555361092091,7647.0,0.019861850887537,30705.0,0.0045391218736767,6058.0,0.0165946967899799,1.0561443567276,1.03578674793243,1.07923471927643,1.07703387737274,0.767181932926178,0.781436264514923,0.831391990184784,1.06747221946716,224.244415283203,668.057861328125,152.160598754883,768.221801757812,477.672058105469,5.55708074569702,458.248779296875,826.678405761719,403072.0625,61414.296875,848962.0625,103065.71875,561054.375,78371.953125,568351.125,86469.046875,1299629.0,171316.75,1172537.0,198549.34375,1240548.625,192539.3125,619260.4375,98429.765625,1
0,1.78358931179901e-07,9.01517935858465e-08,2.07029998477992e-07,5.10594233560369e-08,-1.60757394951361e-07,-1.40413405347317e-07,-7.97803489938076e-10,7.33979206302138e-08,6315.0,0.0117375906556845,9484.0,0.0081208162009716,8408.0,0.0096906954422593,7118.0,0.0109204677864909,19402.0,0.0076611139811575,543.0,0.238368585705757,3353.0,0.0354833379387856,420.0,0.190136402845383,1.06418693065643,1.05462992191315,1.09744369983673,1.08859658241272,0.828406035900116,0.817744135856628,0.950348436832428,1.124720454216,735.001342773438,592.88525390625,595.639587402344,330.550720214844,137.026672363281,129.794006347656,134.21174621582,344.572509765625,354213.5625,36657.34375,987080.375,67623.859375,636250.875,46049.328125,346885.5625,36484.984375,1390205.625,114903.8046875,1149180.5,156136.0625,1332604.125,118906.5390625,638509.75,51443.828125,2
0,6.36248245200477e-08,1.09897428046679e-07,-7.29990148329307e-08,5.61516522168404e-08,2.15406927850381e-08,-3.19520296443443e-07,1.40413405347317e-07,2.67264166353698e-08,23038.0,0.0031121375504881,4760.0,0.0150585398077965,23383.0,0.0027486856561154,23038.0,0.0032440577633678,131.0,1.10127699375153,15588.0,0.0099419392645359,31215.0,0.0029697229620069,6513.0,0.0104137063026428,1.21391308307648,1.09528291225433,1.15560662746429,1.29544174671173,0.874628186225891,0.80929046869278,0.914250016212463,1.1068629026413,326.346038818359,870.716247558594,388.462554931641,355.379119873047,44.2783279418945,396.971801757812,796.804809570312,395.663116455078,193126.171875,35174.3515625,511158.03125,64286.9375,373274.875,69696.78125,194001.296875,27507.58203125,833378.5625,166718.65625,1570907.75,146020.5,962136.5,153810.84375,379645.375,68379.625,3
0,-5.72423992650783e-08,-1.55870850448991e-07,-5.26550287816008e-08,5.1857224292462e-08,4.14059996955984e-07,-7.18023116519362e-08,1.53976074557249e-07,-2.3734653353813e-08,3762.0,0.0258426181972027,7561.0,0.0119062187150121,13969.0,0.0063588875345885,6993.0,0.0146253453567624,30846.0,0.00417115772143,33861.0,0.0053164190612733,17018.0,0.0084737390279769,6910.0,0.0135360406711698,0.963452756404877,1.0025200843811,0.997381210327148,0.926664173603058,0.709934234619141,0.733705937862396,0.770442724227905,1.00607442855835,532.25634765625,672.372131347656,700.930786132812,479.341552734375,483.357513427734,4.16021537780762,11.2201242446899,610.993225097656,399896.0,65466.0,875441.8125,82105.359375,788028.75,80726.765625,374823.25,57067.18359375,1323693.0,113044.1875,1435573.0,90735.859375,1401244.25,104191.1171875,671740.3125,82488.4453125,4
0,9.38416349072213e-08,9.49386134152519e-08,-2.92793885137144e-07,-9.41408089261131e-08,-8.27721109430968e-08,7.81847404596192e-08,-1.9027612552236e-07,-3.51033513368293e-08,10223.0,0.0091711757704615,12065.0,0.0101131107658148,51.0,1.57886695861816,1690.0,0.0719897672533989,7008.0,0.026366638019681,20.0,8.22688484191895,25778.0,0.0033771391026675,6086.0,0.0157148353755474,1.04724085330963,0.724246978759766,0.603495001792908,0.664518594741821,0.314299404621124,0.471315205097198,0.611307501792908,0.666107356548309,718.452514648438,127.599639892578,0.0272497292608023,135.565902709961,186.46337890625,71.9999160766602,543.546325683594,599.468078613281,93843.2734375,27889.51953125,64078.17578125,45536.375,76994.9609375,35745.484375,173518.5,63960.546875,118979.7421875,65195.4296875,222635.640625,91998.3359375,83175.796875,48557.91015625,54128.33203125,37302.2265625,1
0,-2.63275143908004e-08,-1.26651302778669e-08,4.3879190059215e-08,-1.56369480919238e-07,-2.55297116780184e-08,-4.786820717583851e-09,9.01517935858465e-08,-4.30813855700762e-08,140.0,0.452142655849457,1432.0,0.0547289922833443,18048.0,0.0029991033952683,4387.0,0.0183446779847145,4667.0,0.0161826852709055,11515.0,0.0086976261809468,32637.0,0.0018671216676011,34508.0,0.0011732938000932,1.1372549533844,0.817589163780212,0.678684592247009,0.668505191802979,0.550916314125061,0.654115438461304,0.742753267288208,0.873405873775482,490.656158447266,19.3256149291992,773.959167480469,402.013397216797,57.4343948364258,186.684783935547,1250.74182128906,115.706520080566,88653.90625,24698.52734375,63545.796875,41272.74609375,69768.640625,29560.5,164933.28125,61983.0546875,70902.578125,39385.4453125,192251.984375,88553.375,79588.8984375,39406.359375,38824.05859375,28332.8359375,2
0,-7.53924283003471e-08,1.27648558390092e-08,1.53577161654539e-07,5.13785437306069e-07,3.7496761251532e-08,-5.00222768096137e-07,-6.54198828442532e-08,4.92643650318314e-08,10246.0,0.0074195554479956,23652.0,0.004021281376481,14022.0,0.0050636609084904,1562.0,0.105594076216221,29737.0,0.0041115647181868,20179.0,0.0138996671885252,27862.0,0.0031429771333932,12361.0,0.0053900349885225,1.16006290912628,0.633987247943878,0.660361111164093,0.463093847036362,0.422650426626205,0.394442111253738,0.682500302791595,0.814450442790985,131.557098388672,505.555328369141,402.610961914062,169.817016601562,15.6188192367554,19.1329727172852,806.585693359375,1022.50122070312,70045.6015625,29132.05078125,58605.9765625,39039.1328125,88806.5234375,43406.609375,189939.96875,76084.90625,108786.640625,60247.85546875,253468.96875,110578.7109375,129787.3984375,86717.6484375,43406.69140625,34910.0,3
0,8.77583801184301e-08,7.97803494378968e-08,1.80303587171693e-07,-6.382427919504611e-09,-1.45998029665861e-07,7.18023116519362e-08,-7.978034233246941e-09,-3.47044490922599e-08,9.0,8.75063514709473,4207.0,0.0264705345034599,8552.0,0.0088613061234355,892.0,0.106608897447586,1696.0,0.0511792935431004,3147.0,0.0456184856593609,20604.0,0.0032534706406295,116.0,0.465491116046906,1.24506318569183,0.710751414299011,0.632616937160492,0.586526095867157,0.484085291624069,0.582182645797729,0.770349204540253,0.943651795387268,31.1880912780762,157.768035888672,211.847412109375,246.168334960938,100.669761657715,66.9243392944336,683.318115234375,318.177520751953,66288.3203125,48053.17578125,51167.625,41989.640625,70486.921875,32792.74609375,151086.421875,64702.6875,80427.234375,49716.5859375,203856.703125,94955.734375,83531.234375,50996.30859375,50391.02734375,41364.78125,4
0,1.52779364270828e-07,1.10096877392607e-07,4.43578727526983e-07,6.08325123607756e-08,-7.33979206302138e-08,4.18846823890817e-08,-2.95187287946419e-08,1.59560684664939e-08,872.0,0.13108891248703,29604.0,0.0079893730580806,5218.0,0.112878985702991,24247.0,0.0024601155892014,22960.0,0.0061187744140625,27482.0,0.0067346645519137,680.0,0.109832160174847,26912.0,0.0027782777324318,0.529790818691254,0.370259493589401,0.0920591354370117,0.637535989284515,0.487190634012222,0.394509017467499,0.66682380437851,0.709471762180328,113.59642791748,239.043395996094,94.6360931396484,921.086364746094,474.624847412109,235.531753540039,1080.63842773438,320.293060302734,81526.7421875,42189.1953125,125904.078125,59703.4453125,55337.23828125,34892.4453125,59274.3125,28884.171875,87299.21875,47988.984375,72830.8359375,41680.21484375,63468.0390625,46140.85546875,38974.4375,28370.58203125,1
0,7.65891314813416e-08,-1.28845258018373e-07,5.22960192483879e-07,3.70978625596763e-08,-1.5956069798761502e-09,4.786820717583851e-09,-6.70154918225307e-08,-1.75516756684146e-08,18626.0,0.0046921079047024,11794.0,0.0153795620426536,8790.0,0.035459753125906,24390.0,0.0023890298325568,30457.0,0.0029610963538289,1952.0,0.0914068445563316,25627.0,0.0031407526694238,1117.0,0.0723768770694733,0.581059098243713,0.451811105012894,0.170263037085533,0.701286792755127,0.575801908969879,0.452531486749649,0.659414529800415,0.721672713756561,332.272583007812,194.305709838867,143.638671875,1039.38415527344,94.5232315063477,106.582038879395,802.318237304688,804.590209960938,81248.4140625,47021.4296875,136243.6875,69729.953125,86399.0703125,53792.25,63875.67578125,36768.3828125,65363.87109375,40288.96484375,164414.03125,78533.1640625,53225.32421875,39080.3359375,41533.140625,32264.189453125,2
0,1.99550598267706e-07,7.72273779148236e-07,1.26272345823963e-06,2.95985074671989e-07,2.73646577397813e-07,4.06081966275451e-07,-2.6571842681733e-07,9.65342223935295e-08,817.0,0.148678228259087,78.0,2.14132213592529,27723.0,0.0062708803452551,2588.0,0.0326210372149944,18237.0,0.0078306775540113,21602.0,0.0086289113387465,2651.0,0.0474551320075989,29463.0,0.0047440021298825,0.43212702870369,0.396275341510773,0.285367161035538,0.520036280155182,0.37428092956543,0.335763156414032,0.37142738699913,0.488242417573929,447.35107421875,333.392547607422,376.452484130859,668.183959960938,603.745178222656,342.516967773438,245.518859863281,165.194442749023,93883.953125,51175.42578125,159395.890625,85931.203125,74326.84375,43427.0859375,69723.078125,41849.859375,113086.4375,61169.1875,202363.65625,93859.0625,85507.546875,53208.31640625,64824.890625,44527.60546875,3
0,7.65891314813416e-08,2.07428897169848e-07,3.63798392299941e-07,-2.71253171035823e-08,9.09495980749853e-08,3.24706007859277e-07,-5.3253380372098e-08,1.28795392129177e-07,27076.0,0.0045392382889986,11065.0,0.0109325470402837,32883.0,0.0036838254891336,1284.0,0.0462003983557224,20537.0,0.0045242505148053,20333.0,0.0078762387856841,8.0,12.0160617828369,11121.0,0.0065659442916512,0.44530513882637,0.5047327876091,0.435895532369614,0.651677966117859,0.481093019247055,0.484891057014465,0.535148501396179,0.591372311115265,89.7622451782227,284.609527587891,473.050079345703,1111.158203125,132.169296264648,393.862426757812,112.742820739746,988.994323730469,76441.25,41259.8125,105004.875,54235.0546875,63990.40625,40641.6328125,56705.625,33678.1328125,81176.84375,45659.8515625,143604.8125,71548.2734375,56543.359375,36944.21875,51150.03515625,36472.64453125,4
0,1.81101384555404e-07,-1.08501268414329e-07,4.98627166223287e-08,5.58462431854423e-08,-1.00523237733796e-07,-7.41957251193526e-08,-3.82945657406708e-08,-4.23833085960723e-07,6203.0,0.024864299222827,2184.0,0.0454630814492702,1399.0,0.11180704087019,7245.0,0.017490565776825,10560.0,0.0116992658004165,13727.0,0.0091729331761598,5771.0,0.0139260711148381,6599.0,0.0202547982335091,0.420248299837112,0.430288881063461,0.331056654453278,0.339056193828583,0.322333693504333,0.247384905815125,0.509328067302704,0.250015527009964,122.420928955078,211.450378417969,12.6374282836914,178.955230712891,15.430477142334,96.7788925170898,374.331817626953,218.367813110352,115962.921875,41656.0703125,56033.34375,34127.65625,60160.1796875,35230.3828125,56233.8125,34699.87109375,58841.953125,37067.3984375,58858.5703125,35564.109375,57525.08203125,34303.1796875,84499.078125,41836.05078125,1
0,-2.71053721689896e-07,-5.26550287816008e-08,4.62725999739177e-08,-9.71425492934941e-07,-1.14883697222012e-07,1.15681499934794e-08,-3.63798392299941e-07,8.1375951310747e-08,14617.0,0.0076411166228354,4240.0,0.0140690319240093,4342.0,0.0262969322502613,1881.0,0.0560659728944302,2003.0,0.0317408479750156,4572.0,0.0305855087935925,1495.0,0.0501176193356514,1111.0,0.148414611816406,0.45513442158699,0.579953193664551,0.372980564832687,0.383921176195145,0.483122140169144,0.294905215501785,0.519493758678436,0.237142443656921,83.224983215332,451.847412109375,352.690673828125,289.667785644531,348.110626220703,414.159240722656,922.333251953125,335.685577392578,121073.7109375,38756.37890625,47882.22265625,28827.33203125,57364.59375,33030.12890625,64431.67578125,32584.16015625,52438.06640625,31623.44921875,73003.7734375,39988.1640625,60679.5546875,32629.0703125,121878.9296875,49938.9609375,2
0,-6.47417493837565e-07,-7.73869359704804e-08,-1.96259648532759e-07,4.59335353752977e-07,7.93814436406137e-08,1.02916644095785e-07,-2.17900062438048e-08,-3.12738961838477e-07,16699.0,0.0063770194537937,13676.0,0.0051283091306686,7068.0,0.0201163608580828,21684.0,0.0048979753628373,16727.0,0.0041817957535386,13738.0,0.0081187281757593,4334.0,0.0185902938246727,25.0,10.2593202590942,0.422097742557526,0.538155376911163,0.35187503695488,0.439684838056564,0.529671311378479,0.377942383289337,0.563275873661041,0.261705756187439,85.6899642944336,606.851196289062,308.949371337891,173.7265625,519.575439453125,505.373229980469,756.002746582031,96.30419921875,125629.09375,37729.875,48093.890625,28556.142578125,60815.4609375,33837.29296875,75031.5625,31942.375,58209.1875,33394.04296875,75389.796875,38916.37109375,74802.796875,35481.140625,115653.640625,39445.046875,3
0,-4.38803375857333e-08,-4.74705466046998e-08,-1.03228489933826e-06,1.0541253914198e-07,-4.188577484853791e-09,5.10607556236664e-08,2.19451550265148e-07,-1.10897580896108e-07,7605.0,0.0145717458799481,10.0,9.37942504882812,25181.0,0.0052418271079659,15157.0,0.0046844379976391,25236.0,0.0021810454782098,22522.0,0.0041101183742284,5588.0,0.0102140558883548,4374.0,0.0263889450579882,0.478981226682663,0.628757178783417,0.39751347899437,0.59274959564209,0.604219675064087,0.399730861186981,0.528031349182129,0.284359633922577,279.975250244141,614.43603515625,416.745849609375,705.755249023438,1062.38073730469,220.561462402344,984.683471679688,77.6541061401367,124535.609375,41691.6328125,48129.4296875,30186.423828125,54272.5078125,30748.22265625,82000.4375,35116.40625,52109.0625,31905.228515625,70655.5,40512.953125,64175.8984375,35457.7109375,110905.1015625,48640.578125,4
0,-4.80277662973094e-07,-2.31761902114158e-07,-3.3731130315573e-06,4.49961163440094e-07,-2.23384972741769e-07,6.90897820732062e-07,-1.96259648532759e-07,-1.39416158617678e-07,2609.0,0.0462281815707684,7685.0,0.0129260960966349,17735.0,0.0069574047811329,29264.0,0.0035836286842823,8988.0,0.0129885636270046,169.0,0.793417096138,19888.0,0.0046167643740773,3796.0,0.0332568772137165,0.609482824802399,0.507056415081024,0.605397820472717,0.450246095657349,0.747227132320404,0.445414751768112,0.795773446559906,0.433225303888321,614.82177734375,99.2736587524414,81.8797760009766,623.684326171875,342.378845214844,468.925201416016,74.3796234130859,487.985168457031,147474.234375,116385.0625,88735.96875,49365.6640625,151876.71875,128952.1328125,86121.5,61267.6484375,284862.28125,217226.6875,125584.234375,78405.671875,213889.5,185506.296875,104970.921875,77083.96875,1
0,-7.180231076375781e-09,-1.1049578318989e-07,9.82893880063784e-07,2.88231433387409e-07,1.23659532391684e-07,4.45972148099827e-07,5.40511848612368e-08,-1.59560684664939e-08,3348.0,0.0450289435684681,9765.0,0.0142957819625735,22996.0,0.0038671733345836,549.0,0.165937095880508,9784.0,0.0128853693604469,22822.0,0.0054603349417448,27224.0,0.0039739236235618,13203.0,0.009600868448615,0.473429828882217,0.440352886915207,0.524475693702698,0.547889828681946,0.691618382930756,0.425300568342209,0.722109854221344,0.43403285741806,79.9408798217773,304.944091796875,38.7407531738281,196.413528442383,171.335601806641,499.179626464844,604.227783203125,57.7366218566895,116953.28125,77684.0546875,89990.3515625,48553.23046875,96286.5078125,73711.03125,68260.1875,49068.546875,239400.875,204581.796875,133464.125,88892.265625,153316.09375,132582.734375,100349.265625,79945.9140625,2
0,9.17473954586967e-08,8.47666186132301e-08,-2.19196508055575e-07,-3.19121369329878e-08,-1.24457343986251e-07,3.59011558259681e-08,2.87209243055031e-08,9.05506922777022e-08,14621.0,0.0070945397019386,27405.0,0.003487357404083,11931.0,0.005364429205656,5744.0,0.00981055945158,20720.0,0.0054508596658706,2935.0,0.0366158075630665,7017.0,0.0085512408986687,15894.0,0.0051046470180153,0.443060517311096,0.470887511968613,0.549371719360352,0.58680534362793,0.637317657470703,0.439426004886627,0.760861754417419,0.562892138957977,114.261352539062,76.0088653564453,842.218872070312,449.508117675781,146.72607421875,400.130340576172,56.2048645019531,886.837524414062,86461.0078125,45264.66796875,74049.8125,32825.125,59840.109375,38921.3671875,47889.08203125,30592.60546875,137753.1875,106735.09375,105140.34375,49411.96875,113172.25,90913.25,65188.421875,48742.90625,3
0,-4.61130412077182e-07,4.18846823890817e-09,2.29767394444025e-07,-3.98901747189484e-08,1.10209072090584e-07,-4.9134723667521e-07,6.22286719931253e-08,-3.83743469001274e-07,20.0,6.71489810943604,28971.0,0.0027931092772632,19531.0,0.0037322400603443,11927.0,0.008824773132801,16973.0,0.0067971250973641,14801.0,0.0069544417783618,1893.0,0.0323302745819092,35092.0,0.0023952899500727,0.401194334030151,0.498533844947815,0.552519977092743,0.528868198394775,0.595262885093689,0.508719861507416,0.66270923614502,0.690464675426483,51.997875213623,147.03254699707,106.716384887695,611.375305175781,471.906066894531,276.028533935547,827.335815429688,33.6897315979004,76538.75,37827.60546875,61217.203125,29880.765625,51224.52734375,29942.59765625,46530.00390625,31849.6875,108315.28125,72043.1484375,102616.484375,59843.53125,75352.40625,58066.75,72585.1328125,61779.4140625,4
0,-3.01569713201388e-07,-3.989017116623471e-09,-4.3879190059215e-08,-8.85561846075689e-08,-4.78682089521953e-08,8.33704589808804e-08,-5.74418486110062e-08,2.0264208444587e-07,680.0,0.328717529773712,7880.0,0.0207728240638971,6121.0,0.0159560274332762,30390.0,0.0029185323510319,18476.0,0.0088637843728065,1306.0,0.121674247086048,27159.0,0.0044772108085453,23030.0,0.0038836174644529,0.32654869556427,0.399771124124527,0.564935207366943,0.722219705581665,0.444183439016342,0.454329311847687,0.514862954616547,0.604795396327972,11.5005474090576,15.2335844039917,409.757781982422,985.913635253906,104.081596374512,394.312103271484,483.854034423828,528.389709472656,135189.09375,81543.515625,70744.6328125,47699.7890625,76917.296875,52067.609375,61478.10546875,42610.3046875,171261.5,111635.5859375,133501.921875,85273.140625,95647.28125,75704.3125,73931.890625,63449.1640625,1
0,-8.08773279459274e-08,5.31337093434558e-07,-2.25379480411902e-07,4.30813855700762e-08,-8.94537137696716e-08,-1.29244156710229e-07,-1.11692486370885e-08,1.35626592623339e-07,1780.0,0.146068200469017,679.0,0.201268881559372,17107.0,0.0060599977150559,9295.0,0.0086027095094323,10128.0,0.0145452972501516,12135.0,0.0110580744221807,4024.0,0.0233614407479763,15686.0,0.0047611529007554,0.292764484882355,0.393664836883545,0.599396407604218,0.716603100299835,0.444724857807159,0.507940471172333,0.579256892204285,0.600422561168671,64.6481170654297,109.195526123047,318.738861083984,438.171630859375,154.117889404297,396.574127197266,364.672515869141,519.0625,136851.46875,70999.9375,59502.12109375,36119.984375,71298.6875,48340.50390625,51666.9453125,36275.234375,144335.3125,88869.828125,97639.4296875,71382.1484375,79735.875,58047.1328125,59529.09765625,50854.5703125,2
0,-3.37770046598962e-07,2.26177277795614e-07,9.73320197772409e-08,5.09596951303593e-08,5.1857224292462e-08,4.76288676054537e-07,-4.76687560535538e-08,-1.3881779636904e-07,4769.0,0.0582344494760036,15190.0,0.0110744470730424,13924.0,0.0062115704640746,41.0,4.57617378234863,66.0,3.31939363479614,27120.0,0.0072273649275302,16461.0,0.0081926090642809,31492.0,0.0027441997081041,0.24949312210083,0.324775755405426,0.572108089923859,0.569580554962158,0.356833964586258,0.367762416601181,0.532969236373901,0.543006002902985,3.35950064659119,156.879821777344,328.474212646484,4.82703638076782,100.526222229004,320.006256103516,333.775085449219,772.213073730469,134189.234375,75152.3125,60455.1875,38305.26171875,62873.171875,43877.4140625,58815.13671875,44153.19921875,181055.25,121235.6640625,88455.2421875,62290.890625,82869.671875,65975.6875,56622.47265625,48405.25,3
0,-5.29741498667136e-07,-2.39540497659618e-07,-5.02616188668981e-08,7.18023116519362e-08,-1.00722687079724e-07,1.24457343986251e-07,4.94638143777593e-08,1.24856242678106e-07,4865.0,0.0452855713665485,17241.0,0.00837227050215,8095.0,0.0118550295010209,2034.0,0.0460592024028301,8221.0,0.0196940004825592,9935.0,0.0104340566322207,3558.0,0.0277622044086456,2949.0,0.0239801295101643,0.341021746397018,0.441566079854965,0.656534790992737,0.738540053367615,0.436135083436966,0.483793497085571,0.610524237155914,0.629713952541351,62.8936958312988,337.691558837891,48.6385383605957,59.7576751708984,117.939743041992,94.2355194091797,3.13834977149963,90.7493591308594,133989.328125,76437.2421875,69164.7421875,41765.765625,66639.1875,50660.44921875,49197.515625,37542.08203125,167296.1875,107805.75,85534.625,64391.8984375,76295.6875,65144.4765625,59182.9765625,52156.015625,4
0,-2.11417923168256e-08,-1.16878204892146e-07,-2.47319071888796e-08,-5.584624318544231e-09,1.62751902621494e-07,-3.39066481558348e-08,-4.14857801445123e-08,-8.40685387970552e-08,16.0,4.25909042358398,2718.0,0.0382760092616081,3716.0,0.0118964472785592,4491.0,0.0113405846059322,26300.0,0.0043397801928222,24491.0,0.0044145081192255,2126.0,0.0220209844410419,1862.0,0.0377528667449951,0.682109832763672,0.53876793384552,0.750970900058746,0.804563879966736,0.495150476694107,0.519697844982147,0.690004765987396,0.727815508842468,152.981094360352,104.327522277832,1334.64660644531,176.221557617188,542.713439941406,120.04027557373,1131.32958984375,939.427551269531,39665.28515625,29223.8046875,97096.796875,53926.234375,46989.3125,32547.00390625,40750.46484375,35965.703125,123697.1796875,67674.8828125,80299.375,55390.53125,48203.3828125,33113.55078125,70677.6953125,64564.8125,1
0,-6.35749657362794e-08,-1.44402420687584e-07,5.02616188668981e-08,-1.59560684664939e-08,2.00248663873026e-07,-2.08226708764414e-07,7.04061591250138e-08,-2.32160815016869e-07,13.0,7.41832399368286,23735.0,0.0045526786707341,11108.0,0.0073727988637983,598.0,0.157551825046539,9625.0,0.0129370717331767,25547.0,0.0040804119780659,37047.0,0.0015083258040249,12275.0,0.005406689364463,0.651861310005188,0.551750183105469,0.616790890693665,0.745973885059357,0.565340399742126,0.546325445175171,0.74675452709198,0.704267382621765,548.004272460938,18.2951221466064,540.91552734375,27.038330078125,352.617889404297,86.7156600952148,5.30863666534424,580.146545410156,48988.59375,34657.7734375,84739.4453125,43882.27734375,80007.4296875,51085.5078125,50905.76953125,34369.62890625,118847.421875,72574.3828125,90476.734375,48155.5546875,54621.4765625,39983.0625,48358.328125,36090.16796875,2
0,-6.9807803981802904e-09,-3.59011558259681e-08,9.5736414351677e-09,-2.47319071888796e-08,-1.465963919145e-07,-1.64995725526751e-07,1.76713470523282e-07,-2.5130809433449e-08,2542.0,0.0288160722702742,3071.0,0.0307169333100319,10772.0,0.0058628311380744,4826.0,0.0068198163062334,15338.0,0.007553381845355,10506.0,0.0083406772464513,22873.0,0.0023817315232008,20845.0,0.0023467575665563,0.677787482738495,0.63402783870697,0.738355338573456,0.849216163158417,0.543883264064789,0.536908328533173,0.814861297607422,0.732261657714844,452.752014160156,92.7323989868164,451.233612060547,4.72556972503662,87.3779144287109,173.960159301758,1184.36059570312,1064.13220214844,42555.3984375,31544.55078125,79070.875,42996.52734375,45900.38671875,33068.359375,42479.6796875,31150.60546875,145758.625,86676.1875,95957.609375,49472.2578125,64112.0234375,54880.12109375,41686.30859375,32819.9296875,3
0,-3.52030795625069e-08,-4.76687560535538e-08,1.21116542572963e-07,-3.63000580705375e-08,7.33979206302138e-08,1.83494801575534e-08,0.0,2.28121930234693e-08,5492.0,0.0142471883445978,4919.0,0.0225755106657743,19.0,2.60285496711731,12793.0,0.0050790207460522,11.0,13.3991851806641,10450.0,0.0103696202859282,25358.0,0.0019795037806034,24060.0,0.0035240584984421,0.682933688163757,0.595786511898041,0.792893707752228,0.799355983734131,0.591660022735596,0.612896382808685,0.836127042770386,0.763245642185211,4.22664451599121,2.61784887313843,196.85530090332,363.426666259766,2.03610301017761,303.730255126953,1265.40966796875,143.263763427734,43470.640625,33682.41796875,98715.0625,53551.6015625,46046.53515625,35269.3359375,51757.0546875,37191.28515625,159028.15625,91978.78125,115936.7421875,69684.796875,57004.359375,48246.234375,74365.140625,62379.6953125,4
0,-1.43604623303872e-07,-3.11143359965627e-08,7.5990783443558e-08,1.31637571954002e-08,-5.58462431854423e-08,-1.81101384555404e-07,4.74693067076259e-08,1.43604621527516e-08,3498.0,0.0436160415410995,26932.0,0.0057797050103545,15.0,8.47749996185303,12334.0,0.0045035695657134,17719.0,0.008924133144319,4351.0,0.0307252891361713,24851.0,0.0029422442894429,799.0,0.0862197279930115,0.482062786817551,0.473498433828354,0.486096143722534,0.78608250617981,0.527831494808197,0.483391314744949,0.784741342067719,0.809282243251801,49.8997230529785,312.544219970703,515.048095703125,1164.01708984375,65.433464050293,78.9453582763672,674.086608886719,750.355529785156,150115.0625,84960.28125,104300.984375,65562.8359375,45798.4140625,34671.6328125,65066.7578125,47874.92578125,198358.65625,125521.640625,120453.890625,74453.46875,46550.9140625,37032.734375,65518.6796875,58596.90625,1
0,-2.01046475467592e-07,2.47319064783369e-07,1.03714448584924e-07,7.41957251193526e-08,-4.78682089521953e-08,6.86111008008083e-08,-8.1375951310747e-08,1.22861735007973e-07,11561.0,0.0134767098352313,18613.0,0.0093774227425456,18449.0,0.0050816219300031,16284.0,0.005617955699563,1596.0,0.0995438620448112,17784.0,0.0094109866768121,15639.0,0.0038392734713852,15786.0,0.0037823144812136,0.557977259159088,0.489752382040024,0.649077594280243,0.795818388462067,0.597811102867126,0.544739365577698,0.764620542526245,0.74224442243576,97.7990112304688,383.214935302734,386.054046630859,1059.82897949219,287.517883300781,463.148590087891,907.193725585938,686.313903808594,159693.78125,101374.390625,129867.3671875,88316.109375,50345.50390625,41431.921875,65958.6796875,51947.75,209106.890625,147334.203125,164891.59375,111529.5625,46518.578125,41800.4921875,56415.59375,47639.8359375,2
0,5.26550287816008e-08,3.1912139597523e-09,-2.45324560665949e-08,7.978034233246941e-09,1.57965089897516e-07,1.74718962853149e-07,4.0987153226979e-08,-8.4966067959158e-08,35601.0,0.0041743400506675,36446.0,0.0038159824907779,7270.0,0.0077636991627514,203.0,0.302482843399048,2824.0,0.0372049324214458,15369.0,0.0082541732117533,67.0,0.906238853931427,6088.0,0.0095543693751096,0.499891251325607,0.532153844833374,0.83296126127243,0.832025110721588,0.663028419017792,0.519034564495087,0.773039281368256,0.777010202407837,20.5470905303955,17.0287933349609,287.547088623047,15.0058403015137,27.5202503204346,478.75146484375,32.0021934509277,170.983047485352,131742.5,80769.421875,116822.65625,81841.1875,42000.640625,34867.578125,40541.4453125,30786.1484375,173766.671875,132050.328125,132708.015625,83005.8046875,36253.9609375,30421.65234375,37020.01171875,33466.51953125,3
0,-1.2510555791323e-07,7.978034233246941e-09,-1.61156293643216e-07,7.41957251193526e-08,-1.97855257511037e-07,-6.42231796632586e-08,1.5756619120566e-08,6.86111008008083e-08,20670.0,0.0071240761317312,5523.0,0.0239625945687294,31075.0,0.002658772515133,25428.0,0.0032427846454083,12.0,13.5690813064575,28056.0,0.0045067574828863,5.0,19.9511394500732,10.0,5.87002801895142,0.58616977930069,0.659132480621338,0.821837246417999,0.727784812450409,0.656327426433563,0.654497563838959,0.790228307247162,0.776289463043213,493.612060546875,448.325347900391,739.144775390625,793.551513671875,364.074890136719,460.24267578125,564.813720703125,1089.95275878906,169826.71875,131677.578125,151728.71875,122681.09375,88386.21875,85054.875,51622.3828125,47037.4375,234497.421875,185944.1875,211953.03125,163180.828125,64106.58984375,64989.578125,49376.8671875,46404.5859375,4
0,2.16204739444947e-07,1.71527752002021e-08,-4.10868778999429e-08,-4.62725999739177e-08,-6.81324138440687e-07,-2.05110282536225e-07,1.9945085583117403e-09,7.94313095298094e-08,14107.0,0.0101281283423305,4130.0,0.0269447304308414,32.0,3.91949033737183,366.0,0.364242136478424,32626.0,0.0072677824646234,15660.0,0.0092753851786255,199.0,0.427054792642593,24354.0,0.0039498535916209,0.429111272096634,0.476085275411606,0.535959005355835,0.434632003307343,0.356786489486694,0.369309157133102,0.590190708637238,0.468329250812531,246.239395141602,84.7005462646484,454.407135009766,442.152740478516,2.44573163986206,243.433700561523,736.150939941406,513.773864746094,50901.46484375,32282.5625,39296.51171875,24154.509765625,52466.7265625,30600.826171875,47439.625,31199.947265625,126088.75,67920.046875,88324.546875,44205.94921875,38337.77734375,30225.4296875,59732.4140625,25394.0546875,1
0,1.27548830164415e-07,1.36424390007051e-07,-2.23384972741769e-08,-4.98627139577934e-10,1.85888211490237e-07,-3.989017116623471e-09,-5.02616188668981e-08,-6.48215348064696e-08,19012.0,0.0056060617789626,9579.0,0.0135498968884349,12.0,12.0900955200195,1896.0,0.0970935821533203,4322.0,0.0438237935304642,4284.0,0.0305735301226377,5310.0,0.0206494946032763,5040.0,0.0263835303485394,0.466960698366165,0.498970717191696,0.639961123466492,0.470102697610855,0.422200471162796,0.430434137582779,0.641687333583832,0.420600980520248,355.800964355469,392.888732910156,173.891845703125,139.388534545898,94.6327743530273,7.35835552215576,85.5537261962891,449.717254638672,60309.09765625,39779.171875,45993.41015625,27666.787109375,53320.6953125,35397.0625,72940.2578125,43107.4375,165683.515625,85190.609375,96123.625,51337.23046875,58725.54296875,44595.3203125,133121.65625,32865.51953125,2
0,1.08600993087293e-07,-1.09897428046679e-07,-2.0264208444587e-07,7.2600116141075e-08,1.00523237733796e-07,1.28446359326517e-07,5.74418486110062e-08,1.46297210790181e-07,21652.0,0.0065608802251517,12.0,12.7049531936646,31.0,2.70775628089905,21246.0,0.0047823046334087,10731.0,0.0168042108416557,10122.0,0.0158776044845581,17.0,6.08432245254517,5196.0,0.0282649360597134,0.428621381521225,0.449325174093246,0.653908610343933,0.51188600063324,0.325897514820099,0.321157097816467,0.592670738697052,0.381704777479172,175.949691772461,24.006950378418,49.0634765625,434.889404296875,120.494819641113,68.0055465698242,64.8888778686523,79.37939453125,63280.78515625,44807.515625,38649.671875,24847.388671875,47152.75,31816.564453125,51545.4609375,31711.6015625,140209.875,72901.609375,90991.9296875,44852.38671875,47886.328125,36397.69140625,65699.09375,31797.384765625,3
0,1.4520023228215e-07,-4.14857801445123e-08,-8.65616769374355e-08,4.60731506279899e-08,-5.10594233560369e-08,-3.27099414221266e-08,3.03165315074239e-08,2.52155757607397e-07,4396.0,0.0338926427066326,1180.0,0.119200512766838,32818.0,0.0032872145529836,541.0,0.204538241028786,4106.0,0.0470657758414745,34432.0,0.0042133647948503,315.0,0.257737398147583,19245.0,0.0059064975939691,0.379687458276749,0.501099765300751,0.611527264118195,0.499167174100876,0.382624238729477,0.408997565507889,0.5908522605896,0.427088767290115,336.655914306641,0.0330795347690582,623.3115234375,91.2008438110352,233.886611938477,501.786285400391,118.103057861328,168.722320556641,62027.3125,41924.234375,40446.609375,27051.87890625,51279.375,35929.9609375,58977.1796875,38154.94140625,155859.796875,77713.0234375,90987.3046875,48918.12109375,53321.625,39546.0234375,39996.78125,29853.990234375,4
0,-1.15681499934794e-08,8.97528884546972e-10,6.38242738659756e-08,1.91472828703354e-08,-2.81624636500055e-07,-9.73320197772409e-08,-7.81847404596192e-08,-2.87209243055031e-08,31489.0,0.0064453147351741,18942.0,0.0045240842737257,6587.0,0.0113391960039735,1961.0,0.0440046265721321,1328.0,0.130563899874687,11387.0,0.0115738287568092,19084.0,0.0029314365237951,26072.0,0.002939905738458,0.387754857540131,0.595063865184784,0.773187816143036,0.76925003528595,0.541210055351257,0.574297249317169,0.870625138282776,0.784478962421417,51.4192733764648,119.808563232422,849.228515625,739.568969726562,58.0069160461426,306.7421875,789.285217285156,355.478698730469,110282.15625,89470.46875,41613.828125,29677.2578125,119598.703125,111545.734375,111676.984375,93751.2734375,249629.96875,216821.125,134364.65625,108875.625,42379.45703125,41443.0390625,53398.09375,51300.8828125,1
0,-8.5364973756441e-08,1.68336526940038e-07,3.49039019909014e-10,5.26550287816008e-08,2.63275154566145e-07,1.06905666541479e-07,1.15133012457136e-07,2.19395950296075e-08,3685.0,0.037160225212574,1674.0,0.0456004403531551,10011.0,0.0077640684321522,507.0,0.161030113697052,14050.0,0.0108139291405678,17835.0,0.0052299019880592,11.0,8.31215000152588,24580.0,0.0035876927431672,0.408501982688904,0.586392164230347,0.710967421531677,0.64741462469101,0.530546724796295,0.526719212532043,0.816591560840607,0.724059164524078,174.098846435547,139.790466308594,401.4521484375,451.193817138672,160.219177246094,147.337188720703,691.426025390625,181.445114135742,77045.984375,50980.27734375,38155.0390625,26429.7265625,92170.4375,62040.88671875,104453.03125,58624.8671875,194058.140625,131805.65625,106252.78125,71007.5390625,48789.375,40505.4453125,54303.2109375,53392.625,2
0,-8.77583801184301e-08,-1.68336526940038e-07,-9.5736414351677e-09,-2.35352018762569e-07,-4.78682089521953e-08,3.35077459112654e-08,-1.43604621527516e-08,2.52105905929056e-07,5017.0,0.0247538145631552,1016.0,0.0722812786698341,18702.0,0.0039408942684531,7242.0,0.0140058044344187,4489.0,0.0290646925568581,17649.0,0.0050815232098102,15711.0,0.0035229453351348,26549.0,0.0026355243753641,0.604639530181885,0.696952819824219,0.973371207714081,0.782791674137115,0.74870628118515,0.722670435905457,1.03797030448914,0.767939150333405,77.8890228271484,143.610931396484,616.857421875,97.2809524536133,423.199829101562,106.016189575195,205.852447509766,932.030517578125,87208.171875,86724.078125,40053.140625,29161.59375,167999.46875,184409.09375,128942.6640625,122859.375,328864.125,347325.9375,148643.125,144936.75,82248.46875,98936.046875,80257.9296875,80922.5625,3
0,1.27648558390092e-08,-6.86111008008083e-08,1.05310057563202e-07,9.57364179043907e-08,-1.56369480919238e-07,8.45671692673022e-08,-1.08501268414329e-07,4.30813855700762e-08,4294.0,0.0286376662552357,10142.0,0.006032477132976,504.0,0.134063109755516,13967.0,0.0052931872196495,12239.0,0.0106300795450807,3900.0,0.0382916480302811,26754.0,0.0022441078908741,36086.0,0.0023260191082954,0.586790800094604,0.740751028060913,1.04059445858002,0.894634246826172,0.803483545780182,0.755274415016174,1.06785583496094,0.755635321140289,143.684707641602,273.577239990234,60.5678672790527,474.973846435547,276.226257324219,309.258087158203,945.779907226562,808.035461425781,113692.640625,128885.3828125,43152.859375,32402.251953125,219013.9375,237842.546875,150586.265625,154825.78125,416674.15625,410748.6875,189378.90625,183299.28125,122749.625,140489.625,102466.2109375,104953.4140625,4
0,-5.50484386963035e-08,-7.06056084709417e-08,6.72149411684586e-08,-1.43604623303872e-07,-1.08102369722474e-06,-6.54198828442532e-08,7.67885808272695e-07,-7.97803489938076e-10,232.0,0.748017549514771,24181.0,0.0027766760904341,16745.0,0.0029190219938755,9011.0,0.006788429338485,16368.0,0.0146301155909896,8753.0,0.0131420372053981,8733.0,0.0096126999706029,24477.0,0.0023290286771953,0.319704800844193,0.55080246925354,0.70558488368988,0.58648020029068,0.270449995994568,0.368012815713882,0.427097797393799,0.792538106441498,17.3044681549072,110.23169708252,932.2783203125,995.446044921875,191.846939086914,205.015228271484,513.432373046875,1103.3974609375,78544.765625,39100.74609375,36008.8125,25420.361328125,49944.0078125,23765.5625,72513.140625,32888.65625,219731.15625,89472.0546875,67112.796875,41664.3359375,47560.59375,25618.7421875,35662.265625,28816.0390625,1
0,-2.47319064783369e-07,-4.86660098886205e-08,5.02616188668981e-08,9.25451999478355e-08,-1.85090399895671e-07,-2.52903703312768e-07,-1.35826041969267e-07,6.64919355131133e-08,8457.0,0.014837346971035,3308.0,0.0160582810640335,899.0,0.0541273206472397,16679.0,0.0037917331792414,13105.0,0.0153813539072871,15128.0,0.0068282666616141,4257.0,0.0124944448471069,12.0,3.50517725944519,0.420774549245834,0.748124897480011,0.759580492973328,0.584872663021088,0.406087666749954,0.4612737596035,0.663761496543884,0.909578084945679,250.880294799805,273.317749023438,230.210189819336,182.363372802734,84.1843414306641,94.686393737793,793.501708984375,265.290405273438,62680.64453125,31869.7109375,36040.04296875,25479.30078125,46768.2578125,21486.140625,71092.1015625,31481.35546875,159650.53125,72999.125,56493.08984375,33130.671875,40064.390625,21576.09375,36115.1640625,27552.734375,2
0,1.18673263216351e-07,-1.71926643588449e-07,-4.58737003938836e-09,-2.5928612146231e-08,3.74169815131609e-07,-5.8239653100145e-08,4.67512819568583e-07,1.59560684664939e-08,14757.0,0.0110227018594742,27061.0,0.0028498056344687,1759.0,0.0312322694808245,1413.0,0.0833934098482132,28832.0,0.011763016693294,21771.0,0.0064902761951088,2167.0,0.047604251652956,5454.0,0.0077756023965776,0.277165323495865,0.53181517124176,0.664486348628998,0.507781326770782,0.230167642235756,0.340735793113708,0.460712194442749,0.816215991973877,343.192047119141,662.949584960938,1280.19006347656,283.805084228516,29.8516235351562,89.9190216064453,298.698425292969,227.756469726562,83674.765625,40055.4609375,40669.359375,28248.017578125,52925.50390625,23785.05078125,75773.640625,33089.0,265053.21875,103338.375,72069.078125,42054.4375,51420.859375,27688.46484375,35928.65625,29851.40625,3
0,7.24405538221617e-07,1.8997694439804e-07,8.56641477753328e-08,2.35252301195032e-07,-3.15730716238249e-07,-4.22835825020229e-07,5.62850345886545e-07,-7.97803489938076e-10,1806.0,0.070448212325573,4751.0,0.0147144524380565,3804.0,0.0148445013910532,1029.0,0.0615171641111374,3859.0,0.0429107509553432,7237.0,0.0153853856027126,14614.0,0.004451373592019,11291.0,0.0042528258636593,0.519046604633331,0.636884093284607,0.772415101528168,0.700752258300781,0.481357663869858,0.540876269340515,0.614564657211304,0.949274897575378,241.932846069336,501.839111328125,475.094909667969,678.984802246094,200.345474243164,297.300323486328,845.619934082031,1049.5166015625,90721.171875,59995.80859375,53379.65234375,40279.984375,58256.7421875,33767.625,71898.609375,41562.3515625,221664.375,115264.421875,88620.2109375,59231.828125,58401.7578125,40946.71875,44345.2265625,39253.85546875,4
0,-2.0264208444587e-07,-4.94638143777593e-08,-4.22835825020229e-07,1.88281617852226e-07,-2.87209246607745e-07,-1.05310057563202e-07,-3.28695023199543e-07,7.57913287685597e-09,12828.0,0.0121258152648807,6029.0,0.0206863209605217,14391.0,0.0116280345246196,25864.0,0.0052198362536728,7814.0,0.0295589417219162,12899.0,0.0124327912926674,16485.0,0.0080782314762473,4723.0,0.0335309393703938,0.726334512233734,0.807315289974213,0.729966580867767,0.809741675853729,0.640649616718292,0.696890413761139,0.747176766395569,0.762912571430206,173.384796142578,287.256713867188,54.4581184387207,535.284973144531,198.075729370117,324.975311279297,167.159683227539,288.166595458984,855203.3125,162104.34375,787235.75,182719.265625,960518.5625,153722.40625,1138111.5,158821.03125,1030719.6875,223479.53125,1287120.625,161146.859375,1302677.875,161003.78125,1525938.0,81174.78125,1
0,2.01046475467592e-07,3.59410449846109e-07,-4.30813855700762e-08,1.49987045006128e-07,2.63275154566145e-07,-3.5901155381878905e-09,-5.99948180024512e-07,8.61627711401525e-08,11321.0,0.0096416920423507,2433.0,0.0442353412508965,28154.0,0.0042204381898045,13026.0,0.0082288477569818,9735.0,0.0169533919543028,3701.0,0.0365911312401295,16929.0,0.0074289035983383,5310.0,0.026653254404664,0.831936180591583,0.802035689353943,0.810546457767487,0.883808314800262,0.720189213752747,0.783741474151611,0.818445205688477,0.861044466495514,256.102935791016,41.4464302062988,123.334381103516,566.55078125,239.859710693359,287.188598632812,563.138854980469,362.649017333984,635914.375,372827.96875,534895.125,247009.296875,660525.75,284670.25,991127.75,185326.90625,1022189.8125,187239.234375,1366402.875,156174.453125,1286477.25,150331.25,1367040.125,157682.53125,2
0,-2.35551468108497e-07,-2.17002536828659e-07,1.40612854693245e-07,-7.97803494378968e-08,-3.71676691202083e-07,-4.30813884122472e-07,1.83494790917393e-07,-9.89276287555185e-08,13195.0,0.0085186436772346,14966.0,0.0080775832757353,25622.0,0.0043436582200229,10.0,11.2156372070312,7882.0,0.0238646287471056,590.0,0.298100620508194,986.0,0.130681097507477,15994.0,0.0084263905882835,0.82017308473587,0.846805274486542,0.787951588630676,0.902996301651001,0.656687498092651,0.740535795688629,0.799835085868835,0.884001135826111,297.611083984375,83.3840026855469,92.8628921508789,83.1966934204102,177.928085327148,412.377166748047,47.9172134399414,515.022766113281,553386.8125,248184.9375,386958.0,318886.65625,545401.625,214675.640625,851504.8125,157808.125,1002712.9375,154690.03125,1251774.5,138556.390625,1177231.625,144506.84375,1054776.125,233991.25,3
0,-2.68037041450953e-07,1.92270633192493e-07,-1.08501268414329e-07,2.39739932794691e-07,-2.91198265500725e-08,1.32435374666784e-07,7.06056084709417e-08,1.41051657465141e-06,5601.0,0.0194132626056671,34765.0,0.0035601654089987,10140.0,0.0113563565537333,6644.0,0.0176629051566124,32828.0,0.0047569475136697,6823.0,0.0213778968900442,21400.0,0.006544638890773,10951.0,0.0110634667798877,0.824025809764862,0.857185959815979,0.878075301647186,0.852307677268982,0.689983785152435,0.782166063785553,0.795346319675446,0.844650328159332,320.404907226562,18.5951137542725,472.999969482422,684.380004882812,5.89534139633179,255.660308837891,408.74853515625,97.6090545654297,478211.0625,515215.78125,492279.71875,457178.5,416391.90625,478868.0625,720359.25,431348.78125,920457.5,289731.78125,1173751.5,193717.21875,1114050.875,225633.765625,1313920.0,143803.21875,4
0,2.56892718653035e-07,7.97803489938076e-10,4.7229966071427e-07,4.22835846336511e-08,-2.36149830357135e-07,-4.62725999739177e-08,1.4759364397321e-08,1.1897244434067e-07,409.0,0.441187620162964,22841.0,0.0081816399469971,2350.0,0.0712915286421776,4687.0,0.0430226996541023,3442.0,0.0528623014688492,4799.0,0.0408478379249573,5691.0,0.0325464308261871,12150.0,0.0155149344354868,0.655302762985229,0.713462650775909,0.739692330360413,0.667264759540558,0.715601325035095,0.601385295391083,0.697898805141449,0.628175377845764,238.990966796875,71.4227828979492,282.5126953125,237.512252807617,291.327423095703,102.668037414551,88.3075866699219,363.919616699219,1271806.5,141844.359375,1059158.875,258885.640625,1000965.25,299921.6875,1453827.125,180856.640625,1195030.875,195609.5625,1311921.625,201146.984375,1222717.5,227468.875,1339582.0,128224.5625,1
0,-9.57364179043907e-08,-2.64471850641712e-07,3.07154337519933e-08,-9.41408089261131e-08,-2.09086834956906e-07,1.55172770632817e-07,-1.96259648532759e-07,-4.29218260933339e-07,5153.0,0.0338149182498455,143.0,1.27404272556305,16421.0,0.0099421180784702,1329.0,0.12826119363308,1736.0,0.087642215192318,29345.0,0.0071379644796252,5611.0,0.031692735850811,4770.0,0.035413783043623,0.709684789180756,0.779131591320038,0.804548323154449,0.655737280845642,0.79916787147522,0.624861121177673,0.703794240951538,0.68209034204483,293.007110595703,304.910400390625,265.972442626953,23.2363014221191,252.735244750977,260.164093017578,0.476718038320541,279.975921630859,1555759.25,76220.7734375,1200610.125,219317.421875,1147770.375,266457.75,1425895.375,192189.28125,1134652.5,213326.234375,1425943.625,214944.359375,1341525.0,221512.15625,1535531.25,79244.6171875,2
0,-5.94363598338532e-08,-2.28171785465747e-07,1.76314571831426e-07,-3.11342802206127e-07,-4.10868778999429e-08,4.49961163440094e-07,-9.65342223935295e-08,1.28446359326517e-07,7306.0,0.0206262953579426,23835.0,0.0074358079582452,4838.0,0.0309590734541416,15588.0,0.0095204850658774,6719.0,0.0256209392100573,7220.0,0.0220042038708925,26176.0,0.006432534661144,13417.0,0.0106486668810248,0.807372450828552,0.761025071144104,0.715947508811951,0.715391218662262,0.761227488517761,0.668323159217834,0.72388219833374,0.771692752838135,362.561553955078,49.8963279724121,474.959197998047,445.513427734375,229.687652587891,154.970840454102,53.4387664794922,497.553497314453,1566598.75,61710.67578125,1248241.75,216431.921875,1211580.125,204933.5,1448765.875,195327.5625,1202250.75,233256.0,1367035.5,219166.875,1407098.625,228239.03125,1545663.625,63748.328125,3
0,-1.5047321255679e-07,-4.00896254859617e-07,1.93068444787059e-07,4.24431448209361e-07,2.55297095463902e-07,-1.21266126029695e-07,-4.14857801445123e-08,4.02092950935184e-07,23981.0,0.0080131851136684,5589.0,0.0325188972055912,9116.0,0.0164806395769119,12350.0,0.0180602986365557,20226.0,0.0067442581057548,20677.0,0.0099828010424971,14900.0,0.0149946305900812,8420.0,0.0242208503186703,0.634331047534943,0.700476408004761,0.786259531974792,0.606965363025665,0.790562272071838,0.582046210765839,0.692987978458405,0.634830057621002,384.651153564453,25.6778469085693,200.935073852539,66.4531097412109,440.8720703125,74.4450225830078,155.366317749023,201.005386352539,1206449.25,133653.203125,1223374.875,230304.6875,1098157.25,287534.65625,1336743.25,212961.03125,1215779.0,211286.796875,1379223.375,200797.09375,1347859.875,241365.90625,1280868.625,112695.859375,4
0,-1.18124773962336e-07,-8.45671692673022e-08,-3.82945657406708e-08,3.29093943207681e-08,3.06356525925366e-07,1.56369480919238e-07,-1.92669531884349e-07,-1.00523237733796e-07,3831.0,0.0404804870486259,65.0,2.22557425498962,316.0,0.50185227394104,24100.0,0.0059141940437257,1380.0,0.128150507807732,6614.0,0.0330092720687389,1082.0,0.13691945374012,3094.0,0.0565245524048805,0.650358557701111,0.752071022987366,0.766460597515106,0.73889034986496,0.669093251228333,0.581955075263977,0.75351756811142,0.670514822006226,83.1908569335938,31.0301628112793,352.66552734375,44.9658546447754,415.953552246094,234.529998779297,40.3516006469727,60.8601150512695,1130242.5,242770.25,1072499.75,195810.40625,1101386.5,213680.21875,1062935.5,357722.125,1104637.25,229532.859375,1525689.375,195450.453125,1261719.375,213919.6875,1351293.0,249988.53125,1
0,-1.72525005837088e-07,-4.34802878146456e-08,9.97254332446573e-08,-1.6354971421606e-07,-7.4993522503064e-08,6.6217687333392e-08,-3.67388508948352e-07,2.53701500696479e-07,26794.0,0.0054888417944312,8182.0,0.0156400054693222,4036.0,0.0329494550824165,312.0,0.416890650987625,28800.0,0.0056494707241654,9139.0,0.021951962262392,26085.0,0.0060033011250197,9624.0,0.0164692178368568,0.72281152009964,0.860652685165405,0.819147884845734,0.861394822597504,0.713953912258148,0.599076151847839,0.726133108139038,0.746192395687103,39.6491241455078,35.3377876281738,227.946990966797,29.7587776184082,25.4395065307617,89.677978515625,2.35705828666687,166.878799438477,1049220.875,137907.625,941682.6875,181959.265625,1100929.75,200590.375,1251044.75,241090.90625,1130745.5,173600.71875,1716616.625,124119.3125,1090886.75,248528.671875,1374978.125,154284.625,2
0,1.22861735007973e-07,-3.09547743881922e-07,-4.17650113604395e-07,-2.77635592738079e-07,1.75516756684146e-08,4.48365540250961e-07,2.01844272851304e-07,-6.86111008008083e-08,4812.0,0.0248310603201389,2022.0,0.0628308802843094,26485.0,0.0045948945917189,9575.0,0.0129698049277067,10248.0,0.013600455597043,24174.0,0.0065619447268545,3120.0,0.0435829013586044,28979.0,0.0036129504442215,0.720368325710297,0.763276636600494,0.789721190929413,0.786371529102325,0.72717159986496,0.621746718883514,0.778055608272552,0.964589059352875,239.8642578125,253.759857177734,593.751281738281,563.080749511719,26.4910926818848,380.512878417969,380.939575195312,680.0537109375,594098.6875,99723.828125,1324752.875,182753.34375,1653661.625,132656.984375,1480613.375,175702.78125,1143038.75,224361.875,1638932.625,130852.515625,1183587.875,200187.8125,1250642.75,117704.65625,3
0,-1.26252402310456e-07,4.37994088997584e-07,-1.36823288698906e-07,-1.1967051793959602e-09,-4.16453417528828e-07,1.85888211490237e-07,-1.45399681628078e-07,5.98352585257089e-08,27749.0,0.0048752385191619,9954.0,0.0158876068890095,27680.0,0.005899584852159,6945.0,0.0208173394203186,11227.0,0.0112311048433185,18792.0,0.0125429909676313,32141.0,0.0055171982385218,32146.0,0.0037894300185143,0.787668108940125,0.645094931125641,0.680492043495178,0.67157644033432,0.756015777587891,0.599504172801971,0.729271292686462,0.904478430747986,37.7264823913574,289.002655029297,356.246154785156,433.635620117188,280.675445556641,186.670547485352,386.183502197266,45.117561340332,556029.1875,86666.6015625,1405115.5,123626.8359375,1007626.3125,100062.265625,1247913.375,149904.328125,1253373.25,117100.140625,1209439.5,158201.25,1145314.625,182210.578125,1119643.0,102268.609375,4
0,1.05758822144253e-07,-2.0722944782392e-07,1.43604621527516e-08,2.22587161147203e-07,2.37346526432702e-07,-1.87583538036051e-07,2.17002536828659e-07,-1.12490290860023e-07,36040.0,0.0040705287829041,624.0,0.228919073939323,30639.0,0.0047100181691348,6627.0,0.0216131862252951,4226.0,0.0536617152392864,717.0,0.352661103010178,21756.0,0.007788164075464,1563.0,0.0879049152135849,0.871946096420288,0.895714581012726,0.934958279132843,0.945704579353333,0.584393262863159,0.600003719329834,0.677769899368286,0.936331689357758,4.50395154953003,557.993347167969,106.081237792969,558.640014648438,9.94968700408936,3.32661890983582,112.627807617188,731.094299316406,455290.03125,86918.328125,1105974.875,163037.90625,703807.75,119985.828125,749008.0,142491.125,1366712.5,201463.1875,1229494.0,223171.59375,1300776.625,218665.265625,837294.625,164063.375,1
0,-1.51283487070941e-07,-8.77583801184301e-08,9.67336717394573e-08,-1.11692486370885e-07,-2.12215724104681e-07,3.59011551154254e-07,3.11143338649345e-07,9.73320197772409e-08,11464.0,0.0099328150972724,16120.0,0.0074778334237635,3029.0,0.0342327579855919,3093.0,0.0367398038506508,19402.0,0.0129431821405888,22793.0,0.0081460820510983,8706.0,0.0173085443675518,12913.0,0.0077843056060373,0.780027985572815,0.843903362751007,0.90713107585907,0.845560252666473,0.596213579177856,0.598733842372894,0.764491021633148,0.950236558914185,471.976837158203,266.620422363281,595.782653808594,229.177917480469,83.2714538574219,103.029022216797,193.01203918457,395.677429199219,399332.5625,57197.09375,1227850.125,113359.203125,821053.8125,92198.71875,444012.1875,64665.78125,1463252.5,131729.984375,1269410.75,159903.84375,1380073.75,153730.453125,883649.125,97810.828125,2
0,-8.27721091667399e-09,-1.27523904325244e-07,-2.0583328819157e-07,1.9945085583117403e-09,-1.77112369215138e-07,1.05310057563202e-07,9.73320197772409e-08,9.73320197772409e-08,22484.0,0.005610357504338,29014.0,0.0037490143440663,10930.0,0.0106031186878681,3174.0,0.0392686612904072,20859.0,0.010429298505187,1448.0,0.135782793164253,2337.0,0.0679209008812904,958.0,0.11577433347702,0.900870144367218,0.909250259399414,0.972003102302551,0.960073828697205,0.62112158536911,0.657356739044189,0.733807325363159,0.909456372261047,170.666030883789,611.116821289062,192.360565185547,190.189636230469,30.6855049133301,269.129821777344,431.911895751953,250.234848022461,294041.5625,52040.98046875,761099.75,93717.3671875,627414.625,124700.1796875,304580.25,48267.80859375,941415.625,195244.734375,1635357.875,157624.953125,1107751.0,158230.125,610191.8125,131079.109375,3
0,-4.34802878146456e-08,-1.5956069798761502e-09,-3.76164337012597e-07,-1.63150815524205e-07,-3.64197290991797e-07,-6.0234164322992e-08,1.90675024214215e-07,1.10894681881746e-07,6874.0,0.0229309312999249,2517.0,0.0456709377467632,10228.0,0.0141401626169682,27423.0,0.0057943225838244,323.0,0.699839651584625,33161.0,0.0056301699951291,17017.0,0.0100311264395714,27423.0,0.0051901694387197,0.749032080173492,0.834675371646881,0.807335674762726,0.743131577968597,0.578078150749207,0.619936168193817,0.661758244037628,0.841973781585693,305.820343017578,452.612213134766,425.1650390625,304.412200927734,11.1116437911987,12.8526315689087,9.39204216003418,371.712341308594,492362.5625,89197.6875,1023621.1875,109752.7421875,929852.125,102154.15625,388221.15625,64848.0625,1382970.25,119640.21875,1455272.5,100120.703125,1446569.5,110367.765625,806676.125,113542.046875,4
0,-1.46097761444253e-07,3.79754453661008e-07,-2.00248663873026e-07,-3.19121397751587e-07,-1.10017094812065e-06,5.91970149343979e-07,-7.33979206302138e-08,-4.46769945483538e-08,30270.0,0.0050189616158604,47.0,3.96016454696655,51.0,2.93576765060425,23566.0,0.0086287669837474,11577.0,0.0274715088307858,2848.0,0.111204728484154,12316.0,0.0123974708840251,13420.0,0.0141940554603934,0.74516373872757,0.555548965930939,0.560934782028198,0.534137368202209,0.259508967399597,0.342132300138474,0.526659786701202,0.615649521350861,394.656982421875,212.101119995117,0.0146582499146461,81.5153121948242,228.910873413086,193.616241455078,159.732086181641,431.575500488281,166585.1875,47774.99609375,167711.1875,86040.34375,243136.75,103229.296875,441539.75,126017.484375,300687.96875,142351.859375,469064.5625,150477.25,245218.34375,120852.4375,173290.734375,110156.90625,1
0,4.66715022184871e-08,2.27373995187463e-08,-4.62725999739177e-08,2.61679531377013e-07,1.57965089897516e-07,6.6536807707962e-07,-2.18598145806936e-07,2.55297116780184e-08,20405.0,0.0043043247424066,34247.0,0.0036870504263788,1042.0,0.0977671295404434,8202.0,0.0166005156934261,3109.0,0.0481011904776096,11840.0,0.0178417973220348,3826.0,0.0271145962178707,3786.0,0.0189971439540386,0.810556948184967,0.682107925415039,0.642098367214203,0.569388270378113,0.483459800481796,0.487907916307449,0.684287130832672,0.839272379875183,359.096038818359,533.201416015625,16.0708141326904,10.4737281799316,123.672271728516,175.414031982422,647.450927734375,433.192993164062,159886.59375,45004.19921875,188531.984375,96054.6015625,231801.90625,92498.71875,470572.375,140092.53125,224002.4375,112040.890625,478196.75,168494.640625,263996.25,117458.84375,136025.796875,94900.296875,2
0,-1.70729947512882e-07,-3.94114920254651e-07,1.1647930620029e-07,2.42532252059391e-07,-1.49967104334792e-06,-8.85561846075689e-08,-9.89276287555185e-08,-4.28819362241484e-08,24697.0,0.0040497044101357,18936.0,0.0091788433492183,4971.0,0.0249083731323481,20254.0,0.0134260691702366,28134.0,0.0092580411583185,20190.0,0.019707327708602,34080.0,0.0047291009686887,27459.0,0.0038197401445359,0.831685423851013,0.545233249664307,0.609056413173676,0.384690195322037,0.365167021751404,0.308549553155899,0.603396654129028,0.772169411182404,605.766845703125,85.4065933227539,84.2726898193359,155.495849609375,8.00447845458984,15.3983783721924,387.663726806641,517.215393066406,160056.4375,48489.7734375,185660.65625,99259.25,289983.3125,131467.78125,518554.6875,166829.59375,319719.9375,153076.96875,562896.0625,204226.796875,393882.4375,218957.125,155061.375,113141.7578125,3
0,3.82945657406708e-08,1.98653069105603e-07,-1.02118846712074e-07,-5.27547534545647e-08,3.2709942843212e-07,1.24856242678106e-07,-1.38019998985328e-07,1.8748380625766e-08,11595.0,0.008826982229948,11955.0,0.0136787723749876,4470.0,0.026361845433712,21474.0,0.0092890672385692,30074.0,0.005756695754826,11048.0,0.0246791522949934,10.0,13.5328340530396,4213.0,0.018252020701766,0.926668465137482,0.611296892166138,0.591384172439575,0.485537230968475,0.425477236509323,0.455158174037933,0.706145644187927,0.901248812675476,365.778350830078,214.137329101562,245.556457519531,16.1855278015137,363.511138916016,36.2582931518555,291.486694335938,222.828598022461,165311.5,68039.546875,161514.84375,110066.0,235923.0625,102732.015625,434496.4375,155630.5,250125.03125,134953.09375,495966.65625,182888.921875,273929.25,145765.640625,175582.453125,132171.375,4
0,-1.5716727830295e-07,-5.26550287816008e-08,1.37222201601617e-07,-8.57638724482968e-08,-2.6008393660959e-07,-1.31637571954002e-08,-5.10594233560369e-08,-6.50209841523974e-08,3547.0,0.0461700484156609,22794.0,0.014200477860868,5210.0,0.150645196437836,24265.0,0.0047977203503251,20220.0,0.0109575428068638,20.0,14.4015254974365,407.0,0.350279867649078,690.0,0.205751195549965,0.520931839942932,0.358525216579437,0.0950251445174217,0.625519037246704,0.458187282085419,0.379151463508606,0.64494913816452,0.702873170375824,62.8045539855957,32.887077331543,66.8145446777344,471.847534179688,263.072113037109,165.371154785156,565.687194824219,612.376159667969,275634.84375,131976.53125,376965.6875,155230.71875,187644.625,109569.84375,216789.703125,100388.84375,266763.4375,133901.625,223269.546875,121523.0625,217650.84375,143030.546875,143919.546875,101199.34375,1
0,9.5736414351677e-09,1.65943120578049e-07,-1.36663732064335e-06,-2.91996059331723e-07,-4.14857801445123e-08,9.25451999478355e-08,-3.22312587286433e-07,8.93539890967077e-08,18627.0,0.0093443756923079,30.0,10.3842287063599,10210.0,0.0466831959784031,20463.0,0.0052999532781541,12015.0,0.0119029032066464,25972.0,0.0106401722878218,12515.0,0.0095455721020698,25659.0,0.0055035669356584,0.535174071788788,0.399969100952148,0.188707008957863,0.667195498943329,0.536313593387604,0.379244208335876,0.630833804607391,0.706351518630981,154.571563720703,42.7634468078613,81.5464248657227,260.417236328125,68.7270965576172,214.650268554688,382.477386474609,128.415252685547,275327.5,143065.78125,409359.25,175820.609375,317312.0625,179502.125,228769.90625,122665.2734375,217051.15625,123509.3046875,438808.4375,175639.296875,190623.1875,130540.203125,154100.53125,113336.671875,2
0,7.5352539852247e-07,-1.06905666541479e-07,-1.80223798906809e-06,-3.90923702298096e-07,5.584624318544231e-09,-4.1023054109246e-06,2.95745735456876e-06,5.56767076886899e-07,11669.0,0.021778367459774,11772.0,0.0285427086055279,7822.0,0.040858305990696,4249.0,0.0453074388206005,8679.0,0.0376531668007374,11387.0,0.0338085256516933,101.0,3.5892026424408,31323.0,0.0078145107254385,0.342821210622787,0.299250841140747,0.263293236494064,0.417327612638474,0.27873769402504,0.230515241622925,0.26046696305275,0.396728426218033,197.258651733398,72.1406402587891,28.1905078887939,287.963409423828,176.785614013672,60.3230438232422,61.6830444335938,72.5031509399414,329512.28125,158200.875,476911.8125,209206.625,275488.625,144876.90625,270637.0,144189.6875,346958.65625,170117.078125,480659.71875,197786.890625,300195.53125,165538.625,249859.703125,153860.03125,3
0,-2.64072951949856e-07,-1.3881779636904e-07,-4.46769945483538e-07,8.77583801184301e-08,7.33979206302138e-08,9.30238854834897e-07,-1.65943120578049e-07,5.75689966808568e-07,64.0,3.10864758491516,11053.0,0.0180186051875353,837.0,0.286363571882248,4578.0,0.0215349681675434,2951.0,0.0560755580663681,17.0,14.0752220153809,4782.0,0.0330174490809441,19069.0,0.0069522815756499,0.417035043239594,0.466849207878113,0.401339620351791,0.626127004623413,0.447703689336777,0.425182819366455,0.50366997718811,0.568086624145508,347.719421386719,180.818634033203,260.468139648438,524.56201171875,70.0020751953125,91.0592498779297,74.7208938598633,65.2795715332031,217844.0625,114890.984375,299854.625,140447.796875,197149.9375,119871.546875,180693.015625,104005.9765625,232400.5625,121164.2734375,355724.75,163446.203125,170743.125,105416.1640625,158531.78125,108143.03125,4
0,3.7496764093703e-07,4.64321630033737e-07,6.33256490800704e-07,2.24980581720047e-07,-3.15431549324785e-07,1.14883697222012e-07,4.30813855700762e-08,-3.63748512199891e-07,4950.0,0.053555715829134,1880.0,0.140656679868698,1398.0,0.228465482592583,7233.0,0.034933052957058,10558.0,0.0235512536019087,10305.0,0.0252697393298149,5772.0,0.0285106394439936,6589.0,0.0413912199437618,0.388456583023071,0.396763354539871,0.312606453895569,0.31945538520813,0.301855206489563,0.23246343433857,0.483042806386948,0.227407082915306,71.1323699951172,77.8481750488281,6.22008991241455,92.0236053466797,8.2990026473999,93.3036575317383,183.753829956055,107.646217346191,395885.8125,125295.046875,213044.09375,122340.140625,231827.5,125069.109375,214467.09375,122361.671875,219215.828125,127836.515625,212996.0,115424.7421875,222533.796875,123891.375,290292.6875,128515.953125,1
0,-3.30689545080531e-07,3.28695023199543e-07,-3.25503805242988e-07,-3.86535788265974e-07,-1.41211216941883e-07,1.35227693931483e-07,8.24928804377123e-07,-1.99450866489315e-07,82.0,2.50022053718567,9340.0,0.0128763299435377,7242.0,0.0387495420873165,4988.0,0.0422440506517887,4230.0,0.0303299520164728,8517.0,0.0324172228574753,667.0,0.224453449249268,12066.0,0.025066064670682,0.417898207902908,0.554198920726776,0.337593883275986,0.353661775588989,0.46246600151062,0.271668404340744,0.495340257883072,0.210309833288193,47.4001731872559,226.867736816406,35.5780487060547,177.691589355469,204.160614013672,209.648468017578,416.727691650391,108.305267333984,412906.3125,117311.890625,188441.9375,107077.1015625,220116.3125,117603.359375,238493.671875,112013.328125,202756.984375,114629.359375,250999.515625,126798.3125,232785.625,116602.78125,379874.8125,132595.84375,2
0,-9.00720124263898e-07,-1.89877226830504e-07,-2.39341034102836e-07,4.05483604026813e-07,-2.80029013310923e-07,2.74444403203233e-07,-2.25379483964616e-08,-3.12738961838477e-07,4917.0,0.0407725311815739,13676.0,0.0095166284590959,7068.0,0.0339756533503532,15.0,10.6634826660156,17893.0,0.0073549239896237,13738.0,0.015461822040379,8318.0,0.0166002176702023,159.0,1.91822743415833,0.414140492677689,0.546686470508575,0.387413889169693,0.447465002536774,0.525873184204102,0.370855987071991,0.560345590114594,0.248920753598213,206.300140380859,319.268737792969,162.412719726562,103.782806396484,253.604583740234,260.08203125,570.504211425781,96.2795867919922,392968.75,106886.828125,167044.28125,95410.6875,212944.859375,111202.5,248430.59375,99945.875,198497.6875,108316.984375,249651.34375,118023.171875,249067.9375,112379.03125,359203.03125,110616.8359375,3
0,-3.1912139597523e-09,2.75616169886916e-08,-9.94860897662875e-07,-3.37470879685497e-07,5.58462431854423e-08,2.32160815016869e-07,-3.11143338649345e-07,1.91472828703354e-08,8290.0,0.0310925487428904,1585.0,0.0957915559411049,25181.0,0.0104519836604595,15158.0,0.0088090794160962,25235.0,0.0042798784561455,2158.0,0.0792337730526924,4717.0,0.0232240054756403,24544.0,0.0098278522491455,0.439905613660812,0.604286909103394,0.369257271289825,0.566087424755096,0.585953772068024,0.37627375125885,0.503876805305481,0.255865067243576,94.7637176513672,329.633819580078,209.358001708984,402.790954589844,532.876647949219,118.997451782227,339.652496337891,40.4058151245117,425229.28125,125679.3125,184150.734375,109429.1875,201870.6875,109341.5,301897.5,118323.9375,197716.625,115248.015625,258198.9375,133106.5625,240101.25,124263.71875,365243.46875,137454.078125,4
0,-4.80277662973094e-07,-2.12215724104681e-07,-9.47790510963387e-07,2.22587161147203e-07,1.89877226830504e-07,4.78682068205671e-07,-1.29722843666968e-06,3.24307109167421e-07,2609.0,0.0837023705244064,7685.0,0.025971282273531,17728.0,0.0133041366934776,24270.0,0.0083070211112499,31466.0,0.0057761762291193,169.0,1.48966479301453,17307.0,0.009085732512176,21259.0,0.0110308388248086,0.50048440694809,0.465035110712051,0.494071334600449,0.403365820646286,0.563400268554688,0.393037915229797,0.615206837654114,0.380343973636627,355.081420898438,50.2240142822266,43.9653663635254,276.644195556641,6.07336139678955,240.50471496582,45.1506271362305,255.791458129883,387148.0625,230956.9375,299406.09375,141504.40625,388964.125,246299.890625,280276.46875,163600.53125,561998.25,308852.375,386899.78125,193589.5625,456878.5,295509.96875,319224.625,189628.53125,1
0,-6.7175051299273e-07,-1.35626592623339e-07,6.47816420951131e-07,2.13412420180248e-07,-1.26052952964528e-07,1.85090399895671e-07,-2.92394958023579e-07,-2.4348962597287e-06,27050.0,0.0085055287927389,6279.0,0.0343529358506203,6383.0,0.0214481297880411,9859.0,0.0116427466273308,9960.0,0.0210555288940668,13569.0,0.0181666277348995,50.0,3.16619300842285,4404.0,0.0507979206740856,0.452016353607178,0.42999479174614,0.515973925590515,0.559065818786621,0.569802701473236,0.402404606342316,0.64485776424408,0.422065526247025,55.5574150085449,52.7296104431152,223.706237792969,234.934356689453,231.618988037109,142.864654541016,323.140991210938,117.08748626709,334472.5625,185168.90625,276639.5,132457.421875,279995.15625,178270.0625,215732.65625,135693.0,512170.75,325305.4375,371385.875,207278.0625,380476.53125,256839.09375,294097.15625,199078.59375,2
0,5.74418486110062e-08,-3.44850548117392e-07,-7.83742166277079e-07,-1.7950577912984e-08,9.41408089261131e-08,5.44101965260779e-07,-5.10594233560369e-08,-1.01321042222935e-07,9659.0,0.020455239340663,2310.0,0.0695715695619583,35383.0,0.0035603132564574,18753.0,0.0053169853053987,1284.0,0.161113753914833,2434.0,0.0833527073264122,22569.0,0.005259558558464,24200.0,0.005805061198771,0.410155266523361,0.432053238153458,0.516107141971588,0.554331958293915,0.517235100269318,0.391014128923416,0.623353362083435,0.514269053936005,180.476593017578,79.6015472412109,18.7509899139404,154.647064208984,77.7244338989258,202.48127746582,17.946813583374,493.940612792969,288466.65625,134636.34375,247880.625,104957.90625,210393.875,124317.734375,173628.8125,104392.328125,385218.8125,224098.6875,338683.5625,141658.359375,312362.125,197867.140625,225253.15625,153952.859375,3
0,-6.54198856864241e-07,-7.02067026736586e-08,1.14883698643098e-06,2.23384972741769e-07,-5.98352585257089e-08,-3.83743469001274e-07,4.24431448209361e-07,-6.5898564116651e-07,4682.0,0.0552385486662388,2546.0,0.0633984580636024,110.0,1.20213830471039,11927.0,0.0121197877451777,16975.0,0.0134920990094543,1343.0,0.14803284406662,16129.0,0.0087051028385758,12920.0,0.0115530956536531,0.353437751531601,0.472557365894318,0.523804426193237,0.506824314594269,0.512138903141022,0.451112389564514,0.594931602478027,0.623920023441315,74.5666198730469,71.0178146362305,53.3833770751953,465.602630615234,243.032562255859,137.855941772461,406.228515625,50.2756080627441,272448.9375,126184.34375,231196.15625,108112.1796875,200363.875,110817.765625,185953.609375,121011.4296875,348069.03125,183672.03125,337496.6875,175179.203125,281115.03125,185619.421875,264629.875,199390.21875,4
0,-4.34403972349173e-07,2.24980581720047e-07,2.07428900722562e-08,-6.06330630148477e-08,1.53178262962683e-07,-9.57364179043907e-08,-1.21266126029695e-07,2.99974090012256e-07,5558.0,0.0726350471377373,11544.0,0.0262252800166607,21138.0,0.0092318775132298,30093.0,0.0053209397010505,11057.0,0.0292672049254179,3904.0,0.0726092085242271,27152.0,0.0084170587360858,22995.0,0.0077916560694575,0.259230822324753,0.324336767196655,0.502370476722717,0.647717893123627,0.354771226644516,0.376156568527222,0.430396467447281,0.53257292509079,157.603134155273,159.51008605957,62.2520446777344,520.999389648438,186.583511352539,176.747589111328,230.294631958008,256.833557128906,382232.8125,196633.875,245049.375,145771.03125,278864.9375,165934.8125,226393.1875,140806.640625,453545.4375,240235.71875,373921.0,216835.546875,315395.875,205762.015625,265836.90625,194060.578125,1
0,-1.63549707110633e-08,-2.6008393660959e-07,-8.5364973756441e-08,1.40413405347317e-07,6.97679126915318e-07,5.94363598338532e-07,6.4143398503802e-07,-2.34554221378858e-07,16732.0,0.0272830333560705,31056.0,0.00989446695894,3071.0,0.0609548911452293,8213.0,0.0165387615561485,2031.0,0.13609391450882,2489.0,0.117556877434254,33784.0,0.0057613472454249,20539.0,0.0077478410676121,0.221578478813171,0.304947465658188,0.503067433834076,0.65717351436615,0.348300606012344,0.417120784521103,0.492843389511108,0.543063402175903,44.7347984313965,181.40983581543,309.507293701172,145.643707275391,134.765029907227,32.158935546875,24.7834568023682,33.7079696655273,362152.6875,163074.0625,196205.21875,109571.84375,226293.46875,138961.328125,174289.375,112899.8828125,370762.75,197362.875,284000.46875,186569.25,252717.328125,159573.171875,198950.8125,154495.125,2
0,2.62477328760724e-07,-9.58959731178766e-07,3.35077459112654e-07,3.09547743881922e-07,4.76687560535538e-08,-1.03714448584924e-07,6.06330630148477e-08,-3.06356525925366e-07,23872.0,0.0211774632334709,7004.0,0.0475053079426289,13923.0,0.0121182557195425,447.0,0.625314593315125,9980.0,0.0437615029513836,14441.0,0.0254061333835125,18817.0,0.0113304750993848,36186.0,0.0047042672522366,0.212886139750481,0.296700865030289,0.529424130916595,0.563534498214722,0.281655430793762,0.325396537780762,0.471803098917007,0.502841711044312,1.86111402511597,89.4338455200195,162.258209228516,3.7117874622345,2.56972455978394,101.717880249023,242.605285644531,389.061279296875,389188.6875,183316.53125,215573.375,126387.609375,231502.59375,147168.15625,209732.65625,142610.828125,446923.4375,247381.0625,281212.03125,182310.0625,287079.4375,194383.84375,211920.71875,162641.875,3
0,5.16976626840915e-07,-4.12464402188562e-07,-7.33979206302138e-08,1.7551676023686e-07,-6.09920732586033e-07,-7.02067040947441e-07,-1.43604621527516e-08,2.20193754785214e-07,7553.0,0.045196995139122,9874.0,0.0242334939539433,1736.0,0.0884485989809036,12.0,14.4815740585327,7549.0,0.0342091880738735,6417.0,0.0287043899297714,15230.0,0.011617599055171,14399.0,0.0087944567203521,0.296244233846664,0.430858969688416,0.624625563621521,0.706657528877258,0.383808493614197,0.45892271399498,0.588305950164795,0.601851344108582,42.8093910217285,35.1839027404785,203.21549987793,31.8309459686279,77.4878845214844,118.234268188477,21.9306392669678,50.4917373657227,396002.8125,192901.5,247587.984375,131998.1875,228161.078125,160009.9375,188546.6875,127147.4375,431426.1875,234106.03125,284671.0625,187211.0,265723.6875,188659.8125,217969.28125,171816.890625,4
0,-1.5716727830295e-07,-4.2084133156095e-07,-6.22286719931253e-08,3.82945657406708e-08,-1.72325542280305e-07,4.9623378117758e-07,4.14857801445123e-08,-2.12814072142464e-07,6257.0,0.0215762294828892,3531.0,0.0532815828919411,2794.0,0.0310859978199005,20638.0,0.0047619929537177,6164.0,0.0323750451207161,28479.0,0.0063992720097303,4513.0,0.0188840925693512,8427.0,0.0147899528965354,0.671899080276489,0.496407061815262,0.741980910301208,0.781386733055115,0.451556622982025,0.481930673122406,0.672016978263855,0.677972555160522,76.9809417724609,1.1004763841629,657.787231445312,89.9427947998047,69.0063400268555,69.0218124389648,472.578491210938,567.664184570312,158146.84375,109235.3125,340760.34375,163313.859375,186988.90625,124115.0,161189.9375,131976.78125,368373.5,181535.46875,266849.4375,156616.8125,185950.609375,117717.078125,217872.65625,166833.1875,1
0,1.76813188090819e-07,0.0,-6.54198828442532e-08,7.29990148329307e-08,-4.08475386848295e-07,-4.78682068205671e-07,2.99176292628545e-08,2.63674053258001e-07,13582.0,0.0107600688934326,4061.0,0.0459756515920162,15545.0,0.0101689212024212,4865.0,0.0340437665581703,18120.0,0.0090115498751401,8950.0,0.0189813394099474,35197.0,0.0027549103833735,14020.0,0.0091070160269737,0.620187640190125,0.501149833202362,0.585421979427338,0.719293415546417,0.534703612327576,0.493968605995178,0.714658200740814,0.668293237686157,314.838806152344,11.7164096832275,332.106048583984,107.890998840332,219.979766845703,215.857360839844,2.84613609313965,534.23486328125,158186.09375,108614.5078125,271739.625,125064.75,266083.5,153492.828125,170302.34375,111586.6640625,307168.75,160150.875,271556.75,128601.9453125,174103.375,112675.234375,156142.84375,109971.109375,2
0,-8.5923431925039e-07,2.81624636500055e-07,-1.10096877392607e-07,-1.11692486370885e-08,-1.5118375529255e-07,3.16727977178743e-07,1.11692486370885e-07,-1.64347511599772e-07,23721.0,0.0051040118560195,4890.0,0.0255217365920544,13477.0,0.006740418728441,7837.0,0.0078270900994539,3807.0,0.0387547425925732,12470.0,0.0109700839966536,30227.0,0.0029451381415128,372.0,0.204301357269287,0.692309200763702,0.630222320556641,0.753544569015503,0.850461065769196,0.614806890487671,0.616048634052277,0.852727055549622,0.794739603996277,108.366554260254,77.3925857543945,313.077758789062,421.612854003906,217.569351196289,77.7242050170898,596.340881347656,135.01335144043,151893.796875,109637.265625,267656.59375,134536.109375,171304.03125,117303.75,160659.109375,112495.4140625,351806.1875,191749.03125,296333.8125,142298.78125,212103.09375,161230.0625,152971.671875,115616.34375,3
0,-1.00922136425652e-07,-2.34953120070713e-07,-1.07304565233335e-07,-4.22835846336511e-08,-1.78707978193415e-07,-4.70704044630565e-08,1.57965089897516e-07,9.83292736123076e-08,18448.0,0.0058674537576735,10463.0,0.017246762290597,13826.0,0.0065894443541765,1654.0,0.0722393989562988,9552.0,0.019183250144124,14869.0,0.0123434010893106,25229.0,0.0036258914042264,5842.0,0.0210981089621782,0.663974046707153,0.554769992828369,0.76687079668045,0.767436504364014,0.513600468635559,0.556091547012329,0.782373309135437,0.727632462978363,90.5146942138672,156.082275390625,423.442749023438,183.39030456543,145.827590942383,172.68701171875,667.195617675781,183.264358520508,161839.140625,118202.8515625,327898.375,157051.53125,173003.6875,123580.625,190982.390625,127120.0625,436836.5625,216122.875,349049.5625,183785.140625,203545.21875,150267.9375,255885.5,184586.8125,4
0,-2.36149830357135e-07,-1.89877226830504e-07,-2.0264208444587e-07,-2.63275143908004e-08,3.55820333197698e-07,1.11692486370885e-07,-1.71926643588449e-07,5.26550287816008e-08,15522.0,0.0151901552453637,29491.0,0.008689546957612,13.0,12.7109889984131,16297.0,0.007712822407484,18572.0,0.0135281328111887,30244.0,0.0076076090335845,2342.0,0.0512921586632729,66.0,1.91848433017731,0.41611459851265,0.439209043979645,0.470601230859756,0.738003134727478,0.421293079853058,0.427981376647949,0.758306562900543,0.75654935836792,180.000869750977,208.615875244141,277.9248046875,115.178512573242,41.4528121948242,253.144882202148,381.184692382812,428.736541748047,457733.8125,205061.65625,343562.6875,181595.328125,172000.5625,123102.34375,243338.96875,159276.84375,516508.75,245928.125,386800.25,196584.171875,176992.3125,131413.75,241771.59375,192587.546875,1
0,-1.4520023228215e-07,-3.35077459112654e-08,-1.11692486370885e-07,-1.72325542280305e-07,-1.08501268414329e-07,2.2099156637978e-07,1.4520023228215e-07,5.06605211114675e-08,5962.0,0.0399315804243088,2707.0,0.0968142151832581,51.0,3.31397938728333,16283.0,0.0070665557868778,37494.0,0.0066771656274795,19453.0,0.0116904024034739,9266.0,0.011944736354053,4965.0,0.0221429206430912,0.4254150390625,0.385742515325546,0.584337651729584,0.724430024623871,0.453374683856964,0.416609019041061,0.704680025577545,0.673810064792633,175.988143920898,122.741279602051,503.728118896484,545.97998046875,279.140960693359,176.425796508789,547.308715820312,592.537048339844,437781.3125,214791.0,374673.375,201803.25,176717.09375,134084.125,225878.609375,154816.46875,505136.0625,260518.28125,445537.5625,228444.375,166288.9375,138385.875,193912.375,146971.71875,2
0,-2.17002536828659e-07,1.69134338534604e-07,-5.8239653100145e-08,-5.42506342071647e-08,1.24457343986251e-07,-5.29741498667136e-07,1.56568930265166e-07,-1.2685075034824e-07,1961.0,0.142581671476364,10044.0,0.0264594089239836,559.0,0.248609185218811,4113.0,0.0197963640093803,2930.0,0.074399471282959,7854.0,0.02876584418118,65.0,1.76848030090332,8181.0,0.0128820035606623,0.402361363172531,0.441324681043625,0.767694234848022,0.804428219795227,0.509603500366211,0.42442062497139,0.740363895893097,0.750608921051025,253.806976318359,99.127197265625,3.16728615760803,126.994918823242,13.7592458724976,13.1477613449097,17.2293376922607,375.910247802734,409153.21875,198022.78125,366133.3125,201495.15625,155950.84375,119358.0625,158899.71875,113086.6640625,467741.84375,253522.34375,398250.78125,199137.015625,140858.890625,110424.4921875,143101.953125,121800.1484375,3
0,-3.47044505133454e-07,1.08501268414329e-07,-7.73869359704804e-08,3.90923702298096e-07,2.8401802865119e-07,-3.19121397751587e-07,9.49386134152519e-08,7.2600116141075e-08,715.0,0.361041814088821,17063.0,0.013232016004622,4967.0,0.0270462296903133,12972.0,0.013148196041584,12685.0,0.0182625204324722,28057.0,0.0083286855369806,4779.0,0.0288015175610781,4082.0,0.0306767262518406,0.454470127820969,0.518706321716309,0.694420754909515,0.667720675468445,0.466935753822327,0.478478521108627,0.712549388408661,0.721911430358887,105.88752746582,18.009895324707,22.1565933227539,300.978485107422,2.76921463012695,238.026397705078,496.041168212891,139.330917358398,451109.3125,252695.8125,431688.625,249492.703125,270648.0,210367.1875,195884.59375,153940.5,539986.125,295479.0,525471.0625,276750.125,222596.84375,188539.875,192895.03125,157218.671875,4
0,6.22286719931253e-08,-2.53888487122822e-07,5.70429463664368e-08,-1.62751902621494e-07,-2.74444403203233e-07,2.36648446616528e-07,1.51582657537119e-08,4.35301501511276e-08,23984.0,0.0078478045761585,9946.0,0.0195752736181021,4364.0,0.0434328280389309,117.0,1.60624527931213,16025.0,0.0205386485904455,2495.0,0.0916643738746643,1009.0,0.160902813076973,24031.0,0.0070193973369896,0.425476551055908,0.458799719810486,0.533676981925964,0.421392261981964,0.319657355546951,0.349046856164932,0.565666675567627,0.431082993745804,110.938125610352,48.4055023193359,363.565734863281,342.682373046875,59.2603492736816,250.106430053711,326.264068603516,284.6708984375,143531.625,97875.484375,123486.78125,76031.671875,162624.375,94354.875,147222.734375,94978.40625,331020.75,162484.5,241036.125,119139.2421875,120002.03125,94177.515625,130339.421875,74236.75,1
0,1.36025491315195e-07,2.42532252059391e-07,3.89328079108964e-07,-3.98901744969038e-10,-5.46495357411914e-07,5.13785437306069e-07,-1.88281617852226e-07,-3.90923702298096e-08,28625.0,0.0103596262633801,1015.0,0.189404636621475,1093.0,0.272448152303696,1093.0,0.28646531701088,4764.0,0.0713696703314781,31019.0,0.0086723417043685,3627.0,0.0677720606327057,10882.0,0.0262602642178535,0.363581597805023,0.425123900175095,0.566869854927063,0.415207773447037,0.312476515769958,0.325197249650955,0.553576827049255,0.325689077377319,34.3124237060547,89.7398529052734,7.98153638839722,7.62708473205566,0.354402214288712,32.7300720214844,45.1017723083496,108.328025817871,223674.78125,143202.5625,184806.90625,108042.703125,206682.015625,130982.4453125,269387.75,146388.234375,459978.59375,202424.71875,321842.34375,158056.15625,222082.375,154829.28125,254040.9375,111349.1328125,2
0,3.2709942843212e-07,-6.31062562206353e-07,3.51033513368293e-08,2.82422433883767e-07,2.42532252059391e-07,-8.64818957779789e-07,9.41408089261131e-08,-2.9678290047741e-07,26676.0,0.0125546790659428,3417.0,0.0743884891271591,1923.0,0.1009236946702,21514.0,0.0100070601329207,771.0,0.474578499794006,22539.0,0.0183007419109344,13287.0,0.0156949516385794,3631.0,0.0738948434591293,0.353581488132477,0.41396501660347,0.603424370288849,0.454134196043015,0.275827556848526,0.285757750272751,0.532217919826508,0.288361191749573,231.175857543945,30.6661796569824,24.473482131958,21.5348892211914,26.5248928070068,2.27789330482483,136.884689331055,46.2691802978516,221255.03125,148539.9375,148051.8125,90828.0078125,180623.40625,117175.21875,196648.859375,115710.390625,389285.375,186137.96875,279569.78125,134579.484375,180162.75,130127.0703125,181990.5625,105948.5546875,3
0,7.59508907322015e-07,1.10096877392607e-07,8.1375951310747e-08,7.2101485670828e-08,-2.15406942061236e-07,-4.94638143777593e-08,3.19121369329878e-08,-2.39540497659618e-07,27100.0,0.0104834409430623,17.0,12.4611120223999,5336.0,0.0400026552379131,5338.0,0.0404140390455723,30033.0,0.0093129472807049,3776.0,0.0509023815393448,31892.0,0.0063686515204608,7453.0,0.0307762306183577,0.374421983957291,0.495358735322952,0.598319411277771,0.482895225286484,0.37183877825737,0.422459781169891,0.573870956897736,0.421496033668518,160.520812988281,0.0240722056478262,0.032148465514183,0.0091834785416722,185.598495483398,55.3393859863281,368.292724609375,151.329055786133,243540.921875,153669.109375,177424.015625,115111.765625,224573.421875,146955.75,256548.6875,151094.453125,457372.34375,204352.15625,322301.53125,160830.953125,225393.390625,154606.3125,172510.625,126216.4921875,4
0,-8.21737557998858e-08,3.84940186393123e-08,-7.41957251193526e-08,-2.17002536828659e-07,2.55297116780184e-08,8.29715602890246e-08,2.74444403203233e-07,6.06330630148477e-08,15128.0,0.0235729049891233,18941.0,0.0089067015796899,6990.0,0.020639531314373,7661.0,0.0173428561538458,18371.0,0.014930578880012,11384.0,0.0186864975839853,99.0,0.928623616695404,25528.0,0.0047097438946366,0.34003096818924,0.592494249343872,0.666998267173767,0.697701156139374,0.394850730895996,0.485188037157059,0.841135680675507,0.751189112663269,121.720527648926,62.651439666748,343.232757568359,331.984344482422,96.3360366821289,214.846496582031,134.338302612305,202.184112548828,354763.84375,227448.8125,167365.46875,112830.875,359209.6875,252490.046875,353839.75,233893.390625,517764.4375,321545.71875,405013.6875,257206.96875,167044.71875,149828.28125,204328.96875,178407.1875,1
0,-7.18023116519362e-08,5.42506342071647e-08,1.5716727830295e-07,2.03439878276868e-08,8.79977221757144e-07,-4.91446940031892e-07,1.58363988589372e-07,-7.73869359704804e-08,6159.0,0.040997788310051,4994.0,0.0277089737355709,25949.0,0.0044137621298432,4949.0,0.025832861661911,5705.0,0.034521609544754,22531.0,0.0077892560511827,17.0,7.72980165481567,2733.0,0.0532538555562496,0.41943821310997,0.624401211738586,0.668493926525116,0.599956095218658,0.4744873046875,0.489378213882446,0.808969676494598,0.702903687953949,118.765930175781,126.267791748047,134.722351074219,601.79052734375,61.3632164001465,346.768493652344,463.771240234375,104.639923095703,278462.625,162518.484375,153347.390625,102030.4140625,316029.875,175258.6875,356965.75,167747.15625,483342.0625,255699.8125,350627.0,197617.890625,183440.15625,138963.3125,206537.71875,181640.5,2
0,-3.12738961838477e-07,-2.6008393660959e-07,-8.93539890967077e-08,9.09495980749853e-08,3.19121369329878e-08,3.19121369329878e-08,-9.5736414351677e-09,-8.61627711401525e-08,9607.0,0.0180919226258993,13218.0,0.009144271723926,3912.0,0.0263198614120483,10455.0,0.0126803396269679,953.0,0.212328493595123,17219.0,0.0090791685506701,8414.0,0.010292804799974,22668.0,0.0049122939817607,0.596968591213226,0.730255782604218,0.849770843982697,0.701210856437683,0.602438509464264,0.657704591751099,0.990426123142242,0.741189360618591,107.40062713623,180.2451171875,194.354598999023,47.52880859375,50.8642997741699,75.2378234863281,130.527435302734,647.062561035156,286023.625,242947.59375,151350.1875,105137.375,446706.3125,368476.3125,385268.0625,292945.0,572641.1875,455712.4375,409194.90625,314341.125,269422.53125,275110.375,274407.46875,233111.1875,3
0,-1.21266126029695e-07,-1.63574640055231e-07,2.52105905929056e-07,2.87209243055031e-08,5.93565800954821e-07,-7.02067026736586e-08,-1.80303587171693e-07,6.54198856864241e-07,9136.0,0.0236108675599098,10142.0,0.0114976847544312,15026.0,0.0072629358619451,1983.0,0.0588671863079071,21899.0,0.0103365248069167,2486.0,0.126908510923386,28080.0,0.0038614477962255,36093.0,0.0041313441470265,0.506916284561157,0.714245140552521,0.880984425544739,0.772068381309509,0.561070322990417,0.592519640922546,0.959830224514008,0.682513177394867,45.4269905090332,144.105819702148,619.135620117188,610.302124023438,304.904510498047,164.062561035156,587.414489746094,466.872650146484,332814.8125,301382.0,154244.65625,110472.8125,508284.25,407954.21875,416981.5,333463.625,683950.75,484591.75,482001.25,345377.625,351371.78125,323094.4375,308793.90625,265482.9375,4
0,1.5956069798761502e-09,5.10594233560369e-08,1.3921670927175e-07,1.49189247622417e-07,-1.52859138324857e-06,7.56317660943751e-07,-4.22835846336511e-08,-1.14085892732874e-07,28962.0,0.0086725344881415,677.0,0.182114616036415,18101.0,0.0045660370960831,22624.0,0.0051344139501452,13678.0,0.030849888920784,60.0,3.71828508377075,5438.0,0.0288975853472948,24477.0,0.0044395569711923,0.296764940023422,0.526652276515961,0.67580372095108,0.557764410972595,0.217193335294724,0.323957890272141,0.414045780897141,0.76557731628418,42.3366622924805,383.878295898438,611.008361816406,284.115600585938,94.1687393188477,74.2808227539062,385.857086181641,627.848999023438,257936.25,111376.2578125,133750.4375,89626.65625,183141.546875,79977.8359375,261106.40625,108460.609375,525596.6875,174140.28125,213335.890625,118626.8671875,164386.296875,81024.890625,130593.0625,100183.390625,1
0,6.38242738659756e-08,-2.3295861240058e-07,-1.62751902621494e-07,-1.11692486370885e-07,9.5736414351677e-09,3.29492820583255e-07,-5.70429463664368e-08,-1.34928512807164e-07,15102.0,0.014418070204556,250.0,0.454995363950729,899.0,0.0982787907123566,16678.0,0.0071512912400066,19713.0,0.0159011799842119,15917.0,0.0115368077531457,19397.0,0.0051529803313314,20171.0,0.0034731738269329,0.394825369119644,0.717597186565399,0.733138084411621,0.562876462936401,0.352872431278229,0.435872167348862,0.649924218654633,0.883292973041534,144.426574707031,85.5844345092773,122.470062255859,102.792297363281,146.130676269531,200.005615234375,393.766662597656,154.487991333008,223790.625,104368.28125,140103.34375,94664.3046875,179004.75,77402.46875,264793.28125,109091.8515625,441257.0625,172359.46875,190736.0,105025.5625,149661.9375,76488.65625,137978.265625,98525.765625,2
0,4.70305138833282e-07,3.13536759222188e-07,-9.73320197772409e-08,-8.5364973756441e-08,2.00408226191939e-06,-5.90374575892838e-08,-1.85888211490237e-07,-1.1647930620029e-07,17563.0,0.016576062887907,2239.0,0.066872201859951,1759.0,0.0611301325261593,23490.0,0.0085369246080517,2831.0,0.149432122707367,30267.0,0.0078095598146319,9719.0,0.0195553712546825,23806.0,0.0032678754068911,0.253009140491486,0.517623066902161,0.646376609802246,0.511371552944183,0.215404018759727,0.314144939184189,0.448053807020187,0.799713373184204,247.677505493164,315.562774658203,635.684814453125,144.759048461914,121.699592590332,203.968795776367,150.105331420898,115.925331115723,280622.125,117500.0390625,152062.078125,98564.65625,197795.375,82727.984375,273249.625,111330.046875,606073.8125,222294.0,229748.609375,121340.2734375,184051.3125,89402.875,134969.703125,105033.3046875,3
0,-3.97306138211206e-07,-2.7205098263039e-07,-1.9451445609775e-07,3.29492820583255e-07,4.71801030244023e-07,1.45519356919976e-06,4.61130412077182e-07,9.41408089261131e-08,1809.0,0.0980326980352402,18525.0,0.0077334214001894,2401.0,0.0405382886528969,14021.0,0.0084522711113095,11033.0,0.0230298172682524,3272.0,0.057384867221117,37260.0,0.0033405928406864,23654.0,0.0032113897614181,0.454880386590958,0.594026029109955,0.731601715087891,0.658654868602753,0.424615114927292,0.463024616241455,0.558001041412354,0.91136646270752,160.391265869141,80.0671539306641,236.861312866211,118.465957641602,135.922286987305,187.052505493164,11.1677541732788,842.100708007812,275260.0,148069.90625,186164.65625,124242.203125,200443.796875,103619.9921875,247043.046875,127688.1640625,559015.375,254736.9375,254620.9375,142200.5625,186739.3125,112476.3203125,154402.671875,123115.28125,4
